r_kpc,rho_cdm_tier1_msun_kpc3,rho_sidm_tier1_sigma_10p000,rho_sidm_tier1_sigma_20p000,rho_sidm_tier1_sigma_50p000,rho_sidm_tier1_sigma_100p000,rho_cdm_tier2_msun_kpc3,rho_sidm_tier2_sigma_10p000,rho_sidm_tier2_sigma_20p000,rho_sidm_tier2_sigma_50p000,rho_sidm_tier2_sigma_100p000,rho_cdm_tier3_msun_kpc3,rho_sidm_tier3_sigma_10p000,rho_sidm_tier3_sigma_20p000,rho_sidm_tier3_sigma_50p000,rho_sidm_tier3_sigma_100p000
0.1,0.0,0.0,0.0,0.0,0.0,0.0,0.0,0.0,0.0,0.0,0.0,0.0,0.0,0.0,0.0
0.10392891699183733,0.0,0.0,0.0,0.0,0.0,0.0,0.0,0.0,0.0,0.0,0.0,0.0,0.0,0.0,0.0
0.10801219787096211,0.0,0.0,0.0,0.0,0.0,0.0,0.0,0.0,0.0,0.0,0.0,0.0,0.0,0.0,0.0
0.11225590746637129,0.0,0.0,0.0,0.0,0.0,0.0,0.0,0.0,0.0,0.0,0.0,0.0,0.0,0.0,0.0
0.11666634888915871,0.0,0.0,0.0,0.0,0.0,0.0,0.0,0.0,0.0,0.0,0.0,0.0,0.0,0.0,0.0
0.12125007289442108,0.0,0.0,0.0,0.0,0.0,0.0,0.0,0.0,0.0,0.0,0.0,0.0,0.0,0.0,0.0
0.12601388761098514,0.0,0.0,0.0,0.0,0.0,0.0,0.0,0.0,0.0,0.0,0.0,0.0,0.0,0.0,0.0
0.1309648686534079,0.0,0.0,0.0,0.0,0.0,0.0,0.0,0.0,0.0,0.0,0.0,0.0,0.0,0.0,0.0
0.13611036963126907,0.0,0.0,0.0,0.0,0.0,0.0,0.0,0.0,0.0,0.0,0.0,0.0,0.0,0.0,0.0
0.14145803307136456,0.0,0.0,0.0,0.0,0.0,0.0,0.0,0.0,0.0,0.0,0.0,0.0,0.0,0.0,0.0
0.14701580176902426,0.0,0.0,0.0,0.0,0.0,0.0,0.0,0.0,0.0,0.0,0.0,0.0,0.0,0.0,0.0
0.15279193058541335,0.0,0.0,0.0,0.0,0.0,0.0,0.0,0.0,0.0,0.0,0.0,0.0,0.0,0.0,0.0
0.1587949987083399,136462.44986487678,81888.01299276298,68868.55194700503,61866.0773703938,68853.16561767044,136469.0423892626,82232.23565894965,69255.39108935828,62267.800192517694,69240.04773573665,136469.0423892626,82232.23565880883,69255.39108923427,62267.80019240267,69240.04773560776
0.16503392239477974,171632.95672068562,103642.56442076842,85610.4989897681,73743.05850869625,78070.84115998991,171645.77485989247,104087.5295941162,86114.0297329067,74262.82034008867,78567.11566019295,171645.77485989247,104087.52959390788,86114.02973272586,74262.82033992739,78567.11566001922
0.1715179682140438,163536.86709008092,102235.27868570478,84528.9589322935,72788.21415046336,76982.25771065257,163549.32058857317,102661.00800656875,85019.97911575527,73299.61522442923,77468.37902490032,163549.32058857317,102661.00800631943,85019.97911553868,73299.61522423601,77468.37902469267
0.17825676681125951,304813.3654413895,185011.80906044334,150887.74599685773,125434.81895144295,125715.43653707844,304838.56338244356,185809.9117064783,151799.81018324586,126379.74638001238,126626.99254181812,304838.56338244356,185809.91170604626,151799.81018287374,126379.74637968875,126626.99254148296
0.18526032721160693,383915.02556618274,236607.253587706,192505.51194901776,158565.15765770778,156260.835790784,383946.0137283919,237615.56149188476,193670.4539873264,159780.72923348343,157441.6041364693,383946.0137283919,237615.56149127224,193670.45398680013,159780.72923302936,157441.60413600595
0.19253905168655716,409188.0289665069,257282.30372800087,208584.73354215795,169925.2570734019,164929.298927176,409224.53333472286,258363.89193284328,209851.8612668544,171254.52578407867,166217.5114555672,409224.53333472286,258363.89193206746,209851.86126618914,171254.52578350872,166217.5114549911
0.2001037512041927,635536.2475318968,394214.21332120337,318110.1961200496,255727.31032883117,242532.4471945042,635591.3151059689,395888.8666467706,320064.2577034139,257775.22073044057,244532.08091938513,635591.3151059689,395888.86664560734,320064.2577024194,257775.2207295978,244532.08091854936
0.20796566148655812,1273680.5456492587,858625.7735791635,770056.7000435301,873471.1474695385,1161722.321918816,1273760.5851166332,861538.9054942522,773257.5321989896,875146.7570368963,1159757.7843582712,1273760.5851166332,861538.9054920563,773257.5321969774,875146.7570347314,1159757.7843555391
0.2161364596978904,1950666.5377776425,1279682.9678162993,1110166.8342619443,1134824.1758920932,1389068.721461026,1950796.5460216876,1284317.7004508907,1115370.67142116,1138676.956013761,1389473.0035236357,1950796.5460216876,1284317.7004475247,1115370.6714181248,1138676.9560106704,1389473.0035199283
0.22462828178851643,2163823.096436528,1436333.872514178,1233134.556415402,1212542.8237135704,1430527.198274296,2163975.374473037,1441514.9554296385,1239054.4045188632,1217264.1985116764,1431999.1257225098,2163975.374473037,1441514.9554253174,1239054.4045149835,1217264.198507819,1431999.1257179978
0.23345374052017764,2319440.6286240914,1558549.4588381061,1326549.079299309,1263591.5985020227,1444490.7994044544,2319620.8026311076,1564130.8318384376,1333031.1679132595,1269025.6644388046,1446853.022546988,2319620.8026311076,1564130.831833033,1333031.1679084243,1269025.6644340875,1446853.0225415782
0.24262594419955466,2552965.4397594803,1727846.7742167017,1457378.0416149483,1343884.8897352742,1485545.2381367465,2553179.363013536,1734011.3066059418,1464645.734870802,1350275.5556602182,1489031.1569536515,2553179.363013536,1734011.3065991746,1464645.7348647674,1350275.5556544352,1489031.156947148
0.2521585161478167,3307643.702825993,2216779.7927537085,1846511.4081532084,1633111.6797754772,1725570.3902501755,3307929.3005769243,2224826.7129659844,1856077.5797728007,1642057.0779706293,1731767.278747217,3307929.3005769243,2224826.7129570353,1856077.5797648616,1642057.0779631892,1731767.278739051
0.26206561493511316,4718938.7713703,3150843.8725676425,2623015.0488079977,2321700.5470107123,2562241.907827725,4719339.861451479,3162222.8445002493,2636560.917061515,2334594.5702297087,2570374.100897428,4719339.861451479,3162222.8444879614,2636560.917050633,2334594.5702195945,2570374.10088625
0.2723619554100618,5597595.914790723,3760566.426473218,3108628.0122536067,2682065.7185647045,2844675.5912637296,5598082.705486725,3774084.7114639557,3124928.4519159617,2698077.147282282,2856192.5681419955,5598082.705486725,3774084.7114481768,3124928.451902025,2698077.1472695265,2856192.5681281835
0.28306283055546805,6374596.877393005,4335413.074935614,3572682.805788657,3038509.060861587,3146833.89898559,6375166.862916116,4350718.034322312,3591416.6947192266,3057355.4215168618,3161414.109207705,6375166.862916116,4350718.034302449,3591416.6947016953,3057355.421500978,3161414.109190759
0.2941841342027374,8275988.292455112,5824420.079473646,4960926.984162339,4575084.239282244,4653644.112571955,8276685.646392127,5842917.407397807,4983049.178908214,4594238.355915445,4668584.353780607,8276685.646392127,5842917.407371491,4983049.178884703,4594238.35589363,4668584.353757673
0.30574238463871833,9323999.964561928,6654138.216502718,5653158.868143118,5180285.980057047,5440441.584615818,9324794.262666868,6674692.083682704,5678235.371350908,5202630.581286878,5455813.716302647,9324794.262666868,6674692.083649832,5678235.371321521,5202630.58125972,5455813.71627396
0.31775474914003754,10946681.442857536,7829689.222009658,6595483.178179988,5892374.736247085,6116942.5589116365,10947647.430577576,7853773.028427687,6625374.8218112495,5920395.470505652,6137568.148056399,10947647.430577576,7853773.028386451,6625374.821774442,5920395.470471981,6137568.148021116
0.3302390694713705,12290227.781506075,8859626.540528536,7413890.673196074,6476950.189162365,6580044.68177303,12291335.002410594,8886478.888940157,7447894.496167172,6510159.916285512,6606305.48799884,12291335.002410594,8886478.888889251,7447894.496121732,6510159.9162443355,6606305.4879562
0.34321388838551664,14080138.050382618,10252581.013904622,8550092.617002064,7368796.83097342,7430151.482151989,14081408.154895278,10282884.750151372,8589232.156722106,7408338.820555438,7462730.108664371,14081408.154895278,10282884.750088336,8589232.156665819,7408338.820504775,7462730.108612301
0.35669847716464076,15513361.103609782,11409041.765696347,9474929.688119922,8037230.186985851,7965000.88307375,15514796.13026175,11441978.631149089,9518345.222158568,8082330.349443258,8003577.788277248,15514796.13026175,11441978.63107222,9518345.222089866,8082330.349381839,8003577.788214747
0.37071286424358724,16251853.658021854,12132276.44723765,10050767.223338908,8420224.681963196,8218395.596878201,16253403.31501774,12166120.367679404,10096520.21968744,8468925.281306248,8261100.172247086,16253403.31501774,12166120.36758689,10096520.219604602,8468925.28123259,8261100.17217276
0.3852778649577804,18325695.657817163,13762448.306092564,11358528.348766541,9381649.065154234,9006778.864196781,18327479.780534003,13799993.136124311,11410157.629856793,9437841.983833581,9057432.78079585,18327479.780534003,13799993.136011822,11410157.629755953,9437841.9837444,9057432.780706627
0.4004151124598946,20520857.34880111,15583498.288293593,12854416.87401286,10558782.453560233,10121278.069054537,20522857.036621567,15624402.52526242,12911829.21897633,10622472.34865637,10179167.312066622,20522857.036621567,15624402.525126165,12911829.218853824,10622472.348548425,10179167.311959287
0.41614708985121596,21990628.559532132,16946101.89740121,13977331.847850297,11414620.691352619,10870786.723234454,21992822.424000088,16988615.12932738,14038575.924260568,11483952.746512812,10934638.773325017,21992822.424000088,16988615.12916381,14038575.924113076,11483952.7463832,10934638.773196952
0.4324971635754169,23916358.353149667,18671214.874116074,15397852.234791059,12497233.221118292,11801278.578135688,23918749.05952544,18715900.013482284,15463910.086995862,12573545.09717797,11872655.510846993,23918749.05952544,18715900.01328614,15463910.086818404,12573545.097022384,11872655.510694215
0.4494896181243458,24892690.80208147,19766783.835557487,16313763.020653123,13168057.955994356,12319287.965836065,24895195.014812645,19811378.776963294,16381978.232236292,13248688.2803091,12395807.512381455,24895195.014812645,19811378.77673005,16381978.232024457,13248688.280123657,12395807.51220038
0.46714969210737795,25480052.9151103,20592431.996988647,17022288.166625988,13687209.368442187,12715534.599457944,25482679.424029034,20635897.01217136,17091375.632276762,13770822.26922272,12795830.446062788,25482679.424029034,20635897.011895254,17091375.63202486,13770822.269002372,12795830.445848744
0.48550361573790035,26332058.586758293,21626792.880699717,17907480.705864605,14344522.804629505,13231248.306399621,26334804.18070727,21669321.2815753,17977837.433033653,14431751.835018246,13316030.440495307,26334804.18070727,21669321.28124882,17977837.432734307,14431751.834756471,13316030.440242253
0.5045786497926114,27793158.77123652,23111955.659939885,19156039.616323095,15268342.679930784,13956571.279281592,27796091.575247847,23154462.749740846,19228997.000736773,15360874.119991396,14047664.823576028,27796091.575247847,23154462.749354973,19228997.00038119,15360874.119680401,14047664.823276771
0.5244031261014966,27608698.07827015,23387053.562485207,19444018.881012022,15461513.844930463,14045502.13357558,27611701.63004434,23426283.247068804,19515172.81544619,15554453.965137493,14138038.142904332,27611701.63004434,23426283.24661587,19515172.815026496,15554453.964769954,14138038.142552061
0.5450064896286243,28162752.36758076,24227145.17990314,20203343.66075776,16036411.241634844,14493833.586615957,28165869.798106447,24264088.648771096,20274116.528767914,16131535.892223043,14589597.2780853,28165869.798106447,24264088.64823954,20274116.528272334,16131535.891788386,14589597.277670195
0.5664193422062594,28035070.415656827,24550758.55253447,20556479.621986814,16300691.858520417,14658103.558233717,28038215.088680606,24583986.606314898,20624872.768645454,16395865.644744622,14755149.952217894,28038215.088680606,24583986.605692998,20624872.768062096,16395865.644231807,14755149.95172968
0.5886734879872543,27969297.03346888,24884260.62152848,20921192.657656804,16572087.183769543,14822440.564391658,27972493.80546882,24913870.447986335,20987143.43456939,16667242.40765291,14920735.289649779,27972493.80546882,24913870.447260324,20987143.43388401,16667242.40704868,14920735.289076177
0.6118019806832269,27399727.06773628,24810586.004070513,20969803.649552964,16616834.53296126,14802461.299578503,27402910.05435976,24835627.61117719,21031778.605925594,16710209.515822085,14900293.075530235,27402910.05435976,24835627.6103317,21031778.605122127,16710209.51511145,14900293.07485722
0.6358391726586874,27235562.772364415,25017790.595003285,21246960.908356443,16833471.40236847,14923641.89280594,27238789.626983676,25038965.271570094,21305738.498592764,16925967.528904486,15021975.482222628,27238789.626983676,25038965.270586457,21305738.497651875,16925967.528069157,15021975.481433203
0.6608207659540324,27018989.25762592,25174725.53507314,21494450.78597891,17040660.054834574,15046452.909913944,27022245.956879813,25191856.14265861,21549603.724025305,17131801.49922855,15144888.747282501,27022245.956879813,25191856.141516123,21549603.722925138,17131801.498247653,15144888.746357126
0.68678386531319,26751832.01829012,25255066.813801922,21682872.95714184,17205090.75560625,15130186.221746271,26755117.866976846,25268190.306651812,21734132.21248604,17294468.481179215,15228342.126248699,26755117.866976846,25268190.30532714,21734132.211201936,17294468.480028942,15228342.125165014
0.7137670332946768,26205094.70901231,25092133.608385798,21683420.35666417,17243482.813410204,15120046.833068559,26208363.569854576,25100859.105852406,21729919.261264153,17329981.07863493,15216843.12856101,26208363.569854576,25100859.104319297,21729919.259768058,17329981.07728799,15216843.127293319
0.7418103475479246,25344687.861347288,24618616.7697551,21431192.483180188,17099515.223438594,14962726.481348889,25347914.19049272,24622793.80799317,21472201.052121114,17181988.642406024,15056972.547083542,25347914.19049272,24622793.806221757,21472201.050381254,17181988.640831046,15056972.54560217
0.7709554603399423,24964490.52650194,24519872.257541694,21483933.60223243,17185220.561824106,14993553.474259274,24967720.74586321,24520253.456480965,21520377.884613033,17264723.49598979,15086387.344797062,24967720.74586321,24520253.454436462,21520377.882592116,17264723.494149968,15086387.343067184
0.8012456604207361,24300325.816673677,24151376.828134704,21317838.096114155,17118047.21992746,14906014.642965235,24303514.878002718,24147810.69650559,21349066.505453818,17193526.448673673,14996350.824727118,24303514.878002718,24147810.69414945,21349066.503110573,17193526.446527455,14996350.822709158
0.8327259373193656,23247429.45625755,23394080.093287095,20824763.39985676,16813286.07672387,14630317.938485783,23250552.102647122,23386534.413558114,20850117.466551773,16883467.034984946,14716751.308607897,23250552.102647122,23386534.41084692,20850117.463839296,16883467.032484964,14716751.306256477
0.8654430481661426,22515368.934252776,22886882.234671567,20532340.509937197,16660648.534597093,14479950.771227986,22518446.413824704,22875937.014717817,20552493.686707996,16726175.582417212,14563156.85872008,22518446.413824704,22875937.0116015,20552493.68357253,16726175.579508873,14563156.855982777
0.899445587140217,21414538.141640346,22007724.04018141,19920366.682319127,16275580.79770157,14148264.882560344,21417533.10297202,21993420.16734895,19934817.302846566,16335289.737147609,14226910.016161617,21417533.10297202,21993420.163772248,19934817.299228463,16335289.733769657,14226910.012979308
0.9347840576456997,20548190.34282304,21315132.104599524,19455779.91059616,16003834.409219926,13912487.21817592,20551111.76363986,21297918.062542137,19465056.081430648,16058146.064847285,13986985.399077073,20551111.76363986,21297918.058441367,19465056.07726148,16058146.060929144,13986985.395381335
0.971510947323528,19573390.482557908,20478755.646793693,18853393.986023184,15626977.89133136,13593770.200494023,19576240.049918354,20458996.02116109,18857646.3695487,15675558.347739298,13663618.990726689,19576240.049918354,20458996.01646452,18857646.364751197,15675558.343200874,13663618.986439398
1.009680806010482,18698105.00650536,19714850.636533044,18301664.22637836,15290754.032994997,13313533.573465077,18700878.46156684,19692863.16955481,18301241.464593623,15333731.107863687,13378789.198302854,18700878.46156684,19692863.164180625,18301241.45907995,15333731.102613451,13378789.19333437
1.049350326761148,17868071.43136715,18961831.34971522,17742930.09131839,14945108.71605709,13026702.270119403,17870777.33963417,18938012.261750326,17738243.133418202,14982593.53025795,13087337.463200886,17870777.33963417,18938012.25560732,17738243.127090298,14982593.524193315,13087337.45745019
1.0905784300531667,16975498.122008152,18123387.026405197,17093746.180647563,14527695.958054638,12685599.426503312,16978131.70610042,18098042.24621946,17085065.80247448,14559569.295110008,12741303.419884091,16978131.70610042,18098042.239204597,17085065.795221884,14559569.28811501,12741303.41323646
1.1334263513008382,16087485.867180519,17269741.345547985,16415259.210992485,14083941.677363278,12326817.358072625,16090042.727175707,17243157.25873075,16402930.451017655,14110260.008430835,12377474.382696334,16090042.727175707,17243157.25072742,16402930.442715364,14110260.000374049,12377474.375021128
1.1779577318070587,15261761.704974981,16457478.743348781,15756403.710040834,13648191.483688647,11976273.183462355,15264250.277581807,16429963.017059488,15740872.136292456,13669203.664876014,12021967.827849485,15264250.277581807,16429963.007937223,15740872.126800967,13669203.655610384,12021967.819000036
1.2242387132886878,14451999.090274783,15647225.786510805,15084203.670349242,13195699.957896553,11614960.29445541,14454414.927827543,15619019.073732475,15065832.813516047,13211564.995456727,11655666.985675754,14454414.927827543,15619019.063345028,15065832.80267907,13211564.984817352,11655666.975486627
1.2723380361157377,13679495.872821918,14861235.23504,14418651.124712355,12739893.609701794,11252631.590488825,13681840.9847893,14832572.315192102,14397834.71766326,12750861.576255254,11288416.769906854,13681840.9847893,14832572.303372521,14397834.705302695,12750861.564054271,11288416.758189145
1.3223271414102975,12942827.325580643,14100748.954398638,13762106.990062147,12281819.787133122,10889694.405150365,12945103.660919085,14071837.547658078,13739222.416545825,12288167.2213027,10920650.185225721,12945103.660919085,14071837.534219017,13739222.40246207,12288167.207329527,10920650.171766805
1.3742802771568434,12240606.244359514,13366674.0771128,13116740.86817227,11822538.51627575,10526512.62143262,12242815.694497248,13337696.58251476,13092145.707333997,11824565.004164508,10552756.310283886,12242815.694497248,13337696.567246322,13092145.691303588,11824564.988183571,10552756.294845356
1.4282746084815279,11571423.347558549,12659492.531392636,12484350.700808289,11362987.568622146,10163317.485425992,11573567.756984262,12630608.528979843,12458380.919546142,11361012.550982803,10184991.61639245,11573567.756984262,12630608.511645814,12458380.901318016,11361012.53272968,10184991.598705813
1.4843903322642567,10933990.701503182,11979580.062587036,11866736.12876678,10904416.152508792,9800606.737001536,10936071.85910442,11950927.058343638,11839702.034672407,10898773.272605704,9817877.788491774,10936071.85910442,11950927.038679542,11839702.013965629,10898773.25178485,9817877.768256491
1.5427107962537776,10327048.794391515,11327063.019250283,11265433.043989515,10448060.59026341,9438860.330122232,10329068.437442085,11298758.639238078,11237618.458685663,10439093.220781995,9451917.058420172,10329068.437442085,11298758.616950622,11237618.435189,10439093.197066326,9451917.035302896
1.6033226228627002,9749349.304323943,10701820.522961311,10681678.337788804,9995107.91671827,9078497.410109451,9751309.12517372,10673964.686544463,10653340.482029425,9983165.661030347,9087551.154985882,9751309.12517372,10673964.66130053,10653340.455389708,9983165.634049555,9087551.128608989
1.6663158378263248,9199705.226307586,10103601.910227502,10116520.116488239,9546825.690980187,8720060.838821862,9201606.87109926,10076278.475691857,10087889.28377617,9532258.665590694,8725342.509136451,9201606.87109926,10076278.447118841,10087889.253598705,9532258.634931536,8725342.479078231
1.73178400391636,8676994.847763704,9532051.10284494,9570811.918942966,9104510.732321013,8364178.898355173,8678839.909915024,9505329.290840887,9542091.619619658,9087663.880321397,8365934.883141339,8678839.909915024,9505329.25852477,9542091.585466105,9087663.845525598,8365934.848933901
1.7998243599081505,8180097.127161746,8986647.804962413,9045133.863943608,8669365.908141727,8011420.662124674,8181887.158412323,8960584.279139638,9016502.616442284,8650576.221461913,8009912.98788836,8181887.158412323,8960584.24261372,9016502.577818878,8650576.182014123,8009912.949005548
1.8705379650078093,7707940.579633085,8466798.810747257,8539883.314325297,8242569.601998558,7662428.520155674,7709677.0907235015,8441439.087026741,8511495.91926943,8222161.629665756,7657930.757499855,7709677.0907235015,8441439.04577044,8511495.875625823,8222161.584992537,7657930.713356469
1.9440298489537682,7259491.757626135,7971837.811380445,8055264.141964996,7825205.988406343,7317855.3939124765,7261176.216931473,7947217.537579491,8027253.277428692,7803488.167745181,7310648.289816713,7261176.216931473,7947217.491011477,8027253.228150618,7803488.117207697,7310648.239761238
2.020409168015702,6833766.401192727,7501060.976573341,7591340.540240925,7418314.908827892,6978410.764445592,6835400.228053151,7477207.047216702,7563818.237520707,7395576.185434238,6968779.2372188205,6835400.228053151,7477206.994696186,7563818.181931424,7395576.128329324,6968779.180534454
2.0997893671225105,6429805.560915827,7053717.084678151,7148029.519476496,7022830.727954199,6644806.7049485305,6431390.13571125,7030648.949896142,7121089.335089181,6999338.963657482,6633037.056863346,6431390.13571125,7030648.890706539,7121089.27243231,6999338.899200347,6633036.992751148
2.18228834836018,6046652.193629832,6628983.599861988,6725062.839075009,6639467.487612303,6317646.022621999,6048188.867612178,6606714.389608197,6698782.10173276,6615468.772919158,6304022.435956151,6048188.867612178,6606714.322938104,6698782.0311521115,6615468.700222676,6304022.363514337
2.2680286460897894,5683423.545263147,6226072.56825633,6322132.192705115,6268910.179475968,5997627.919278589,5684913.623562017,6204609.637115181,6296573.080261601,6244626.466053841,5982427.746518343,5684913.623562017,6204609.562070186,6296573.0008139815,6244626.384141778,5982427.6647554245
2.357137608945748,5339267.839676754,5844188.126781578,5938848.514230538,5911727.8684960175,5685436.8439063635,5340712.584732671,5823533.900629543,5914059.875302982,5887356.959103199,5668927.932891295,5340712.584732671,5823533.816225068,5914059.785950557,5887356.866902519,5668927.840718348
2.4497475889846054,5013333.369058189,5482493.795804656,5574704.126805478,5568282.923393113,5381631.137600298,5014734.011345867,5462646.624106359,5550723.44334708,5543999.5989573505,5364069.623093295,5014734.011345867,5462646.529245957,5550723.342934503,5543999.495274539,5364069.5193008
2.545996138265347,4704802.941963982,5140163.717025128,5229144.449456485,5238820.180667303,5086725.28682624,4706160.68051484,5121118.40931173,5205999.175441929,5214776.759327236,5068353.033419508,4706160.68051484,5121118.302765425,5205999.0626736395,5214776.642825107,5068352.91665431
2.6460262131531764,4412917.222695654,4816415.670750564,4901615.8370416,4923531.397822504,4801259.593214024,4414233.2135566585,4798163.862689296,4879324.391629905,4899857.9930786695,4782301.160718272,4414233.2135566585,4798163.743097222,4879324.265074202,4899857.862280689,4782301.0294879265
2.7499863866502214,4136918.226978396,4510447.79834132,4591496.296656655,4622441.171860039,4525635.867145816,4138193.5943089416,4492978.572246489,4570069.584359262,4599247.821945159,4506297.845084973,4138193.5943089416,4492978.438097255,4570069.44242562,4599247.675212639,4506297.697734872
2.8580310690685335,3876074.4013469364,4221472.717310769,4298141.994900027,4335469.9253601115,4260172.806436037,3877310.2371338806,4204772.969056974,4277584.443001439,4312848.165419263,4240642.914252652,3877310.2371338806,4204772.818702941,4277584.283956594,4312848.000967399,4240642.748982113
2.9703207373731573,3629693.410490293,3948736.2422089945,4020915.656042599,4062481.3136578794,4005155.480188147,3630890.7713218755,3932790.987394194,4001226.0363467047,4040505.4219413144,3985601.532405154,3630890.7713218755,3932790.818994283,4001225.8582543684,4040505.237777206,3985601.347205368
3.087022173535879,3397103.4139375547,3691497.1567954035,3759166.002644724,3803246.9188070195,3760766.2408438893,3398263.3210306778,3676289.8210250083,3740338.282558636,3781975.7383205886,3741336.256616751,3398263.3210306778,3676289.6325483667,3740338.08328376,3781975.5322479974,3741336.0492758937
3.208308712253716,3177651.0523166647,3449028.0979635417,3512234.8034318727,3557465.4188257917,3527098.3972485187,3178774.4978028378,3434540.8595376085,3494258.9963419633,3536944.237154531,3507921.2707578153,3178774.4978028378,3434540.648745622,3494258.7735319594,3536944.0067550153,3507921.0388422613
3.33436049840005,2970712.0573802227,3220629.083364103,3279475.6810228257,3324795.2245725626,3304190.2523731356,2971800.003848353,3206843.110348786,3262338.4673991622,3305057.2258516317,3285376.196029794,2971800.003848353,3206842.874720019,3262338.218405134,3305056.9684040593,3285375.9368032645
3.4653647545907993,2775685.139959136,3005621.4008059734,3060248.548180787,3104844.870049114,3091993.534349356,2776738.5145617817,2992516.9521425455,3043933.718782515,3085912.5679088472,3073635.0822962453,2776738.5145617817,2992516.6889426,3043933.4407327618,3085912.2804641197,3073634.792795522
3.601516059263059,2591991.7739769844,2803349.396062669,2853926.003028766,2897193.728837681,2890402.80650087,2593011.4727226426,2790906.0690393955,2838415.037532982,2879080.478478234,2872576.0920829,2593011.4727226426,2790905.7752992236,2838414.7273102007,2879080.157836258,2872575.769093776
3.7430166356791954,2419078.2702631345,2613183.127420445,2659897.6627240237,2701401.303634074,2699261.681218311,2420065.1571375127,2601380.0150199924,2645170.141445646,2684112.5028590644,2682027.572775121,2420065.1571375127,2601379.6874490096,2645169.7955964794,2684112.145476815,2682027.2127410793
3.8900766522856935,2256405.568690958,2434507.7723387415,2477560.373680617,2516998.98668782,2518346.5896230293,2257360.478470943,2423323.6099953502,2463594.3786013164,2500533.3709092382,2501752.383130739,2257360.478470943,2423323.244950665,2463593.9933035807,2500532.9728671336,2501751.982118802
4.042914534872841,2103454.1577317794,2266730.2272184044,2306327.4167735856,2343508.188892923,2347392.4617660963,2104377.9000509707,2256143.5550394384,2293099.9060260355,2327858.951417589,2331473.4348750836,2104377.9000509707,2256143.1484283847,2293099.4769866117,2327858.5083142817,2331472.98847053
4.201757290998921,1959738.6764536635,2109294.585822497,2145645.3008456086,2180462.567758919,2186119.8917338615,1960632.021408132,2099283.730685916,2133132.200192463,2165617.932569011,2170900.1102621974,1960632.021408132,2099283.2781501277,2133131.7228411785,2165617.4397210237,2170899.6137692374
4.3668408471607405,1824783.6659329957,1961656.5014100026,1994968.2088852867,2027382.6757277665,2034204.7395146175,1825647.3537116998,1952199.7612145073,1983144.787174261,2013326.9682249138,2019698.8266863918,1825647.3537116998,1952199.2579760244,1983144.2565026777,2013326.420502308,2019698.2749649936
4.538410399211332,1698125.1862456142,1823285.4437426399,1853761.4791136861,1883784.4919627314,1891292.5752693727,1698959.9355987664,1814361.2432375501,1842602.663158334,1870499.0397521204,1877507.293589462,1698959.9355987664,1814360.6839808892,1842602.0735947855,1870498.4314482175,1877506.6809225788
4.716720776545259,1579333.1794109654,1693688.6052434961,1721526.6119121257,1749208.798858585,1757034.2605900678,1580139.67184104,1685275.4314761779,1711006.9632211756,1736672.202314726,1743969.1198457372,1580139.67184104,1685274.8104756032,1711006.3087662668,1736671.5272884478,1743968.4400817938
4.902036820592464,1467991.760298162,1572389.9702637456,1597780.3407005721,1623200.603199204,1631063.9706335256,1468770.6430381783,1564466.4772070625,1587874.2703196623,1611389.3801607566,1618712.4899198115,1468770.6430381783,1564465.7881510921,1587873.5443627988,1611388.6316477247,1618711.7362860383
5.0946337781828435,1363693.6718704677,1458924.4459781148,1482049.2153581793,1505306.2222719295,1513000.2098099727,1364445.5688699314,1451469.60375032,1472731.251543444,1494195.49249909,1501351.2040399779,1364445.5688699314,1451468.8397259812,1472730.4468446732,1494194.663091652,1501350.3691202416
5.294797710365754,1266056.730197411,1352855.365959892,1373887.6652755688,1395093.6351608518,1402469.8086350958,1266782.230554818,1345848.4259802254,1365132.4490626722,1384657.33190975,1391507.9819500751,1266782.230554818,1345847.5793775476,1365131.557653853,1384656.4134573569,1391507.0575869516
5.5028259172917275,1174717.19089772,1253767.6648369352,1272871.3994818,1292146.8596530235,1299103.424351107,1175416.8487286083,1247188.1936910925,1264653.767557471,1282358.0483605005,1288810.1098480325,1175416.8487286083,1247187.2563073053,1264652.7808522605,1282357.0320835372,1288809.0872568935
5.7190273797874305,1089322.2317979424,1161259.6529770475,1178589.270109515,1196058.8783986631,1202530.7022388938,1089996.5732587934,1155087.6290024547,1170884.4231343942,1186890.1804555268,1192884.7110908497,1089996.5732587934,1155086.5920022512,1170883.331886805,1186889.056904945,1192883.5808199942
5.943723218279724,1009534.2256757802,1074947.4864166286,1090647.9385200408,1106437.3206084564,1112387.8305707118,1010183.7455919673,1069163.331631272,1083431.5160534508,1097861.1672850938,1103366.047548063,1010183.7455919673,1069162.1852261114,1083430.310021019,1097859.925991629,1103364.7991252493
6.177247169750498,935036.5992437424,994471.539739766,1008678.5101257669,1022912.0142369401,1028326.5695797955,935661.7546920854,989056.0934487152,1001926.5729119801,1014900.7380193564,1019904.2997674058,935661.7546920854,989054.8270720969,1001925.2410403368,1014899.3676866991,1019902.9218948367
6.419946083430615,865523.4988774231,919485.2470585672,932325.3023327597,945124.0927877261,950004.438923601,866124.7137106071,914419.8259213472,926014.4359365479,937650.1865636316,942155.9547722539,866124.7137106071,914418.428162301,926012.9662907427,937648.6749983586,942154.4352574972
6.672180435969315,800702.6951190789,849658.104076567,861249.0073420277,872729.845580971,877089.8262696553,801280.360388499,844924.5404327995,855356.3909840158,865766.1476131812,869788.7738879683,801280.360388499,844922.9988402204,855354.7705443056,865764.4815193076,869787.0994373271
6.934324866844159,740297.3173611995,784677.5187695944,795128.5650274951,805402.8586862119,809264.823201965,740851.7871259212,780258.1537903748,789631.9769002245,798922.637550279,802484.5004236974,740851.7871259212,780256.4548154956,789630.1914989895,798920.802458539,802482.6565689967
7.206768734806797,684044.3613354857,724247.0681134879,733659.4721484813,742832.7154030604,746224.8697532325,684575.9520815198,720124.7574577498,728537.3068349187,736809.7514512063,739938.4562578123,684575.9520815198,720122.8865933374,728535.3413070462,736807.7318773129,739936.4275242536
7.489916696191041,631693.2537218318,668084.9266871169,676552.2172286267,684723.6285442906,687677.8145413101,632202.2432733203,664243.0581397339,671783.5201970778,679132.3168693373,681858.6176200871,632202.2432733203,664240.999714984,671781.3581633817,679130.0960907803,681856.3872935652
7.784189305942152,583004.0466669824,615921.9788280847,623530.4295364311,630792.8202167008,633342.8724283176,583490.6770147891,612344.5092468142,619094.9561620388,625608.300341331,627964.591527428,583490.6770147891,612342.2461419516,619092.5797313951,625605.8600943304,627962.1413528004
8.090023642260098,537751.1326850582,567505.479563283,574334.5020058086,580774.2190883744,582954.6741838888,538215.608082679,564176.9004886426,570212.6755819343,575972.3489721399,577991.4482722678,538215.608082679,564174.4146934113,570210.0659363425,575969.6700538715,577988.7590573757
8.407873955784511,495720.9134633606,522596.6031861994,528719.1650045996,534416.1794561864,536261.3011175267,496163.3922909596,519501.93481912446,524892.0765813062,529973.565712694,531687.8180737267,496163.3922909596,519499.2069836915,524889.2135043585,529970.6274897987,531684.8691947676
8.73821234428559,456708.8675624956,480967.36481109285,486450.42593144893,491478.56658071035,493021.7211912537,457129.46453528287,478092.19109390577,482899.88779837743,487372.6673925568,488813.4063291527,457129.46453528287,478089.20005087316,482896.7491782807,487369.4472993242,488810.17523428873
9.081529453863054,420520.9407949681,442401.89504028315,447306.780865687,451733.9259456013,453007.0411632176,420919.72492113174,439732.35154799884,444015.31527226424,447943.0589224462,449140.1202182869,420919.72492113174,439729.07432818384,444011.87711483403,447939.5324694023,449136.58243333775
9.43833520769459,386976.59538190305,406699.53154376615,411082.32341067574,414970.66393418843,416003.8733787657,387353.59841059934,404222.2759668033,408033.1184872956,411473.949458618,412455.33195858804,387353.59841059934,404218.6891008365,408029.356284099,411470.0916412941,412451.46249759884
9.809159563416268,355903.33879286144,373669.1220704549,377581.0378132598,380987.4113877662,381808.8949125158,356258.54608033394,371371.34636248957,374757.97284389386,377764.8304862125,378556.59010478907,356258.54608033394,371367.42478917306,374753.86042837583,377760.6146138319,378552.362291631
10.194553300259765,327136.4571320573,343128.62715492543,346616.3658781194,349592.5660858887,350228.4253553455,327469.8018808737,340998.05755897675,344004.01802437886,346624.9872066354,347251.1537970016,327469.8018808737,340993.7740668353,343999.5269811134,346620.384279725,347246.5386394346
10.59508883711558,300522.8221634453,314909.0200472853,318015.1063893342,320608.19245006575,321082.3861349533,300834.1809800669,312933.8800074341,315598.7003323966,317877.30638896173,318359.82229386875,300834.1809800669,312929.2055235031,315593.8003085836,317872.2854351323,318354.7888329002
11.011361082737277,275918.4877826113,288851.67430102895,291614.7775267154,293867.40891347243,294201.79395243427,276207.69456797745,287020.68186696386,289380.1785105392,291355.72041669814,291714.4930802199,276207.69456797745,287015.5866454112,289374.8384616663,291350.2497673527,291709.00966429856
11.4439883193495,253185.22760099496,264804.76868458505,267259.9969366635,269210.75204323523,269425.13511555264,253452.0720325756,263107.15062425897,265193.7357383796,266901.62873787666,267154.6165669903,253452.0720325756,263101.60352209094,265187.9231587824,266895.6752269769,267148.65003484546
11.893613120972296,232194.52263000142,242627.3498732877,244806.54603883976,246490.2315034011,246602.4460607781,232438.72749953173,241052.79220569416,242895.75865286548,244367.8291355197,244531.11524344436,232438.72749953173,241046.7598668795,242889.43873069997,244361.35724352952,244524.63007858105
12.360903307825575,212826.04985982817,222187.64930364175,224119.6522064706,225567.60056472704,225593.6199602012,213047.28834097064,220726.29239994736,222352.06779215418,223616.84219337947,223704.74713198986,213047.28834097064,220719.7407135901,222345.20493156623,223609.81559193,223697.7069976892
12.84655293823131,194965.21532019693,203360.53338116565,205071.42296321382,206311.77449746366,206265.8221402542,195163.11430845343,202002.97592268963,203435.37141189602,204518.36787983382,204543.5764382247,195163.11430845343,201995.86998988478,203427.92920652524,204510.74941814158,204535.94418242443
13.351283339486864,178505.41402963854,186029.76309177442,187543.10071538977,188601.07936393013,188495.7555539536,178679.54848210362,184767.03340207745,186027.47519904535,186951.46699043748,186925.14785627436,178679.54848210362,184759.33768519716,186019.41657958602,186943.21883530918,186916.88562848445
13.875844179240303,163346.55337976076,170086.41835794115,171423.46125538423,172321.62770974392,172168.03638654266,163496.41770069403,168909.93071260984,170017.67075708986,170802.93572818596,170734.8694887108,163496.41770069403,168901.607799465,170008.95670863043,170794.0180663226,170725.93744292026
14.421014578959339,149394.29590149113,155428.06354249275,156607.961409817,157366.4451188968,157174.31233785453,149519.35447508976,154329.65602657708,155301.96524408803,155966.5140102971,155865.212885206,149519.35447508976,154320.66951864574,155292.55781493103,155956.88810212517,155855.57224054149
14.987604271147418,136560.74790507244,141959.42043765102,142999.4093198019,143636.14202511337,143413.94900260295,136660.4122360058,140931.3137418546,141783.66978198636,142343.47053433815,142216.30629376118,136660.4122360058,140921.62746100934,141773.5312561638,142333.09786818558,142205.9184883351
15.576454802025857,124763.8105309839,129591.6403038199,130507.20928747489,131038.12209037328,130793.21330941092,124837.459560501,128626.43771633772,129372.68524561086,129841.85210870326,129695.15883727458,124837.459560501,128616.01731718545,129361.77983575214,129830.69613828321,129683.9872624963
16.188440781468522,113926.05898900976,118241.14235366817,119046.19501615048,119485.41287433873,119224.10940667585,113972.99320962557,117331.7755111094,117984.2867325766,118375.27434234586,118214.46390670411,113972.99320962557,117320.58627038682,117972.57826664892,118363.29811921263,118202.4715251907
16.82447118204515,103975.75203014901,107830.57730809666,108537.58133002398,108897.60676210157,108625.31953223229,103995.23170650248,106970.32243015153,107540.1385846707,107863.91339082702,107693.57892431524,103995.23170650248,106958.33228791635,107527.5936940426,107851.08284488627,107680.73157024356
17.48549068910329,94845.93269376644,98287.87948518098,98907.9977934189,99199.86552178215,98921.18519889901,94837.21089891708,97470.37179020779,97967.32839109238,98233.51459846532,98057.51499969976,94837.21089891708,97457.55325396873,97953.9184856903,98219.80051200505,98043.78333771213
18.172481103893613,86473.71764740082,89545.52120242456,90088.73520153422,90322.15900340532,90040.94470304617,86435.99156572764,88764.69519081147,89197.54314344109,89414.5678490747,89236.11639973454,86435.99156572764,88751.0231779886,89183.2421538128,89399.94355161228,89221.47361732756
18.886462801822905,78800.92870309467,81541.1070457643,82016.33582555442,82199.85744234137,81919.33285652549,78733.38944304327,80791.22735972697,81167.74536904167,81342.97666365921,81164.72782495369,78733.38944304327,80776.68205614308,81152.53275090693,81327.4211370857,81149.15275895825
19.628496248000772,71773.36114339218,74216.60255710137,74631.80255680099,74772.9065213013,74495.726105913,71675.1938851738,73492.24633342463,73819.33518667582,73959.1897259174,73783.30027888714,71675.1938851738,73476.81467509149,73803.19747350225,73942.68918419126,73766.77898330375
20.399683572330616,65340.40372760417,67517.92319087166,67880.18226456363,67985.40780879372,67713.7262927312,65210.77756236185,66813.95677189801,67097.72996407803,67207.78032470084,67035.9755798467,65210.77756236185,66797.63212522742,67080.66041674197,67190.32783618936,67018.50094030325
21.20117020648495,59455.1635409633,61395.031816149734,61710.66062164728,61785.71495017945,61521.26082216671,59293.25983751553,60706.62317517568,60952.49297867833,61037.572634040975,60871.21356739803,59293.25983751553,60689.40625980909,60934.492546300346,61019.16910157903,60852.78629864809
22.034146585195902,54074.15291542607,55801.593547712575,56076.200524640975,56126.04256123236,55870.164532674266,53879.20378962476,55124.23353425236,55336.980493353076,55401.25995865212,55241.383743884115,53879.20378962476,55106.13660488974,55318.0622096918,55381.91864897494,55222.016940662696
22.899849914387996,49156.89798923181,50694.55926458187,50933.1225111895,50962.04894883824,50715.77074571768,48928.17590021704,50024.03904990203,50207.88061713882,50254.949080402206,50102.320374115014,48928.17590021704,50005.08434516972,50188.06795233758,50234.693900256265,50082.0377523279
23.799566008779642,44665.95598074767,46034.16325217508,46241.09932590664,46252.827271261296,46016.8987951867,44402.7583286943,45366.54377975253,45525.198672681196,45558.14052214381,45413.29770256257,44402.7583286943,45346.76306726311,45504.52508010102,45537.00560627343,45392.133232639244
24.734631201682117,40566.630540452534,41783.607647974546,41962.82634141881,41960.55335026259,41735.483760506,40268.384906919084,41115.310485863025,41252.04841580584,41273.495678733096,41136.77829806675,40268.384906919084,41094.74995191135,41230.56242088752,41251.53055470622,41114.78135437655
25.70643432983329,36826.81851316222,37908.89680491965,38063.85636617953,38050.32559610655,37836.42367293556,36493.03780637192,37236.64663001334,37354.34022027715,37366.533203694315,37238.118844940705,36493.03780637192,37215.36499133938,37332.1034576729,37343.80080690157,37215.35224016194
26.716418796213624,33416.82799554111,34378.63331282719,34512.38988561792,34489.94749301844,34287.35556238301,33047.18417165368,33699.51906976937,33800.68937771073,33805.52857279019,33685.46215060982,33047.18417165368,33677.58830034069,33777.777335068735,33782.106009672934,33662.00290695872
27.76608471390847,30309.198690135974,31163.820823830123,31279.070383726717,31249.71097087691,31058.42943028086,29903.444871407715,30475.204264380987,30562.059087100548,30561.146040007265,30449.36127119156,29903.444871407715,30452.709739465514,30538.561276337216,30537.124782198793,30425.30082386151
28.85699113420118,27478.65462438677,28237.801353427756,28336.919287826255,28302.33099434012,28122.24459408244,27036.78006529044,27537.461594575427,27611.93140611152,27606.608334983084,27502.94911391304,27036.78006529044,27514.504035153543,27587.95336690637,27582.096247956502,27478.3953394082
29.99075836220579,24901.781217860458,25575.91839996621,25660.9960725881,25622.602149140235,25453.503899048897,24423.93396894381,24861.962524883606,24925.733975210605,24917.121240470555,24821.363220737778,24423.93396894381,24838.653686758567,24901.392767879093,24892.23798506418,24796.43583740696
31.16907036347935,22557.04729883834,23155.525240103132,23228.40052437208,23187.39096551079,23028.997576095186,22043.611438062115,22426.454691882707,22480.998077819953,22470.02186288133,22381.884658437502,22043.611438062115,22402.919123094012,22456.424131659478,22444.900826744026,22356.7171976405
32.39367726518784,20424.64666039444,20955.813963910106,21018.10000463182,20975.463575426238,20827.43332298707,19876.244133107026,20210.516140306387,20257.1107818816,20244.53027627991,20163.69132793957,19876.244133107026,20186.88905259337,20232.445655226144,20219.316254140223,20138.428787213434
33.66639795554073,18486.269276249994,18957.576240697996,19010.687580000864,18967.240130824805,18829.187704959277,17903.760124468525,18195.315118049133,18235.07336533393,18221.506787755727,18147.614897360956,17903.760124468525,18171.74050940195,18210.46776318367,18196.353943601815,18122.411702164136
34.98912278535556,16725.129970402533,17143.222229927873,17188.397250788497,17144.80452113089,17016.31160191773,16109.623573402347,16363.639627157949,16397.52662862454,16383.470517579726,16316.15389880706,16109.623573402347,16340.26863409463,16373.138696042392,16358.540678212892,16291.172221435532
36.3638163757642,15125.829137771996,15496.631315814833,15534.952777604793,15491.752065712137,15372.378039087836,14478.763351708896,14699.81777872246,14728.669487030096,14714.516684254799,14653.390845885564,14478.763351708896,14676.805942523883,14704.661931720679,14689.976383693971,14628.797622879309
37.79252053623211,13674.130594760101,14002.92130669125,14035.334465585624,13992.953297976423,13882.244122644359,12997.18024803667,13189.315663959995,13213.854508488701,13199.910176863952,13144.58514231274,12997.18024803667,13166.81905679105,13190.390547268109,13175.926502077336,13120.54792373027
39.277357297223766,12357.04950274768,12648.530598671445,12675.859771938918,12634.632320772926,12532.127468575878,11652.175681597444,11818.961118737845,11839.811046883971,11826.307371619863,11776.393419850794,11652.175681597444,11797.134712582092,11817.05270445683,11803.046235790678,11753.078645883968
40.820532062019026,11162.667407390152,11421.02471050051,11443.987603935699,11404.168865368863,11309.407245427261,10432.137203178308,10576.721853240279,10594.42061115808,10581.528321070335,10536.639965144685,10432.137203178308,10555.716777222293,10572.525823012027,10559.151460391535,10514.209935072273
42.42433688236211,10080.003787840746,10308.961826717516,10328.182334917306,10289.960618940198,10202.485759789162,9326.284878396687,9451.444733126691,9466.454800083662,9454.293772581932,9414.054248747529,9326.284878396687,9431.402663221048,9445.571562178084,9432.952775900158,9392.661130343908
44.09115386280753,9099.068945074156,9301.940632921058,9317.9602550016,9281.467776471196,9200.831360383816,8324.938667745566,8433.120260817044,8445.838557576248,8434.486078872967,8398.528946502169,8324.938667745566,8414.171900779285,8426.10333203914,8414.320766311334,8378.31317177767
45.82345869882049,8210.690767655313,8390.421930535016,8403.710210502037,8369.033102337326,8294.798693355766,7419.1196639334585,7512.477427142375,7523.244584096685,7512.744652326834,7480.717570105593,7419.1196639334585,7494.739627467311,7504.779281956865,7493.879943642164,7461.804657384091
47.62382435388603,7406.465176373639,7565.673832529821,7576.636897472184,7543.822552729665,7475.567476947067,6600.603960171628,6681.033780301827,6690.14124522244,6680.510264891658,6652.0759209806065,6600.603960171628,6664.605002819579,6673.048474671121,6663.0513070422985,6634.571584523166
49.4949248810886,6678.741624495812,6819.753817898406,6828.742520598383,6797.80695671672,6735.124456046966,5861.925341903666,5931.094830272623,5938.791557500029,5930.024002252467,5904.861206939698,5861.925341903666,5916.054239149793,5923.153703265816,5914.05526034598,5888.850465673201
51.43953939483883,6020.5099814331015,6145.391674152282,6152.7087101430525,6123.642768494938,6066.143521177114,5196.1780598451205,5255.552742723894,5262.0512469821,5254.125128527542,5231.930331690401,5196.1780598451205,5241.95875626391,5247.928944873413,5239.708782496515,5217.475859206781
53.460556198645484,5425.367330811919,5535.952724037567,5541.858566663334,5514.632577432863,5461.945251986538,4597.014928405092,4647.881561721473,4653.362995375709,4646.243883856122,4626.731647332103,4597.014928405092,4635.768785770883,4640.791935671076,4633.416544435831,4613.870465240419
55.560977075064784,4887.494254935723,4985.411441537876,4990.129930430241,4964.698347723406,4916.470372325989,4058.6712895216056,4102.15934651644,4106.7780179820165,4100.422423889996,4083.325412908785,4058.6712895216056,4091.541127573825,4095.771626113502,4089.1978967098025,4072.071680704048
57.74392174419788,4401.560455887162,4488.253943452186,4491.977006922204,4468.282033595324,4424.179819762401,3575.7970698965273,3612.8964891136984,3616.78333924746,3611.141199563687,3596.210106385233,3575.7970698965273,3603.7613475680587,3607.3290743641164,3601.506699968132,3586.5513114294527
60.01263249735889,3962.7164056565302,4039.4676800178217,4042.3596031755965,4020.3343797402094,3980.043391021153,3143.4421876843194,3175.0196900294313,3178.286246667303,3173.3043770302093,3160.3086505504702,3143.4421876843194,3167.337034173921,3170.3515660822663,3165.2265941094497,3152.2116529875257
62.37047901279654,3566.5582676390864,3634.5038059696617,3636.70485485722,3616.2759469759253,3579.5003511248838,2757.1405306988695,2783.9547601071627,2786.695841249779,2782.3192356647805,2771.045912657916,2757.1405306988695,2777.6729814253713,2780.2262132745104,2775.7423079863847,2764.4549254465883
64.8209633606206,3209.053245052346,3269.2005439930203,3270.83017535007,3251.919792779603,3218.38222460349,2412.6646692124627,2435.37802468597,2437.6738512347697,2433.846958590683,2424.10033491418,2412.6646692124627,2430.4293261755665,2432.597853374914,2428.6977398271833,2418.9422279679857
67.36772520436864,2886.551406268881,2939.7935924172257,2940.9533455460614,2923.481185539826,2892.922227647266,2106.181460275621,2125.371915277469,2127.290855685231,2123.959687861353,2115.561263935403,2106.181460275621,2121.6739152438295,2123.521818059082,2120.1493612412514,2111.7471272304506
70.0145472069374,2595.7320304639243,2642.8606511755606,2643.636589766211,2627.5212608049774,2599.698795546313,1834.1705634012458,1850.3418916487306,1851.94206696282,1849.0545983084635,1841.841841176156,1834.1705634012458,1847.7997364623484,1849.3802856702487,1846.480957532824,1839.2692874720726
72.76536064890868,2333.5655070438997,2375.281799537003,2375.746613095321,2360.906810210138,2335.5954178473135,1593.3108151987597,1606.9007600838686,1608.2313589409202,1605.7380863701226,1599.5638230908653,1593.3108151987597,1605.4122602008272,1606.7695142006837,1604.2911290933878,1598.1226236656676
75.6242512676154,2097.3128569285714,2134.2380680251576,2134.453005219414,2120.8085119788775,2097.79872395043,1380.606385018478,1391.9950678607636,1393.0980606197659,1390.9529551844334,1385.6847379496908,1380.606385018478,1391.4522616926515,1392.6228093514956,1390.5164561876518,1385.258360570822
78.59546532561846,1884.4846297931206,1917.1690406292173,1917.1855319245367,1904.6579521741487,1883.7554620840467,1193.2858193081665,1202.802640792096,1203.7137705102457,1201.874335773213,1197.3933736973702,1193.2858193081665,1203.093434948935,1204.1074765745739,1202.3276400784566,1197.8607961109028
81.68341591761026,1692.815808653065,1721.7466761623466,1721.6077036429688,1710.1210091056305,1691.1459215675573,1028.7596807873963,1036.6891573679961,1037.4387165850849,1035.8659586596752,1032.0662020101963,1028.7596807873963,1037.702536159578,1038.584920371139,1037.0896058773596,1033.3075654490258
84.89268952511044,1520.2605364689518,1545.8693220150171,1545.6106892260245,1535.0916999451824,1517.8777377798538,884.6985528802095,891.2861329523296,891.8999852330807,890.5587235641765,887.3460528386577,884.6985528802095,892.9117401704915,893.682940437035,892.4339456657779,889.2421424746002
88.22805282869017,1364.9608612170384,1387.6295679667985,1387.2809585732837,1377.659642368632,1362.0533384163662,758.9357968789739,764.3925372253906,764.8927212200655,763.7514553713198,761.0427379569295,758.9357968789739,766.5228276241157,767.1996632631397,766.1625212705003,763.4773471256544
91.69445978784384,1225.2310117649633,1245.2977740371641,1244.8836455327416,1236.093316021604,1221.9532551148554,649.4774121650876,653.9842366769594,654.3894424848033,653.4200584065218,651.1421494964366,649.4774121650876,656.5177493949226,657.1140163349417,656.2577953936418,654.0056193816954
95.29705899902183,1099.5499346913787,1117.314047770673,1116.8544374205082,1108.8318908479353,1096.0279257850991,554.5349332153502,558.246599111996,558.5727555791019,557.7504913840525,555.8394081857515,554.5349332153502,561.0863434518046,561.6133190984426,560.910539831828,559.0268732765103
99.0412013427556,986.5360442505948,1002.2624122354156,1001.7736284059287,994.4592203380558,982.8717480835112,472.439953671175,475.4882524934362,475.74887391953865,475.0520385748333,473.45209822335187,472.439953671175,478.5446052651447,479.0115476356674,478.4380028492784,476.8666661896683
102.932447931231,884.9412464012614,898.8642970975507,898.3594913971149,891.697128188387,881.2163739818808,401.69034584577685,404.18719341241143,404.39371252953714,403.803394872439,402.4663392224919,401.69034584577685,407.37839858378715,407.7928939894639,407.3273669468913,406.0196152693399
106.97657836811518,793.6382733607762,805.9654500703654,805.4551199705788,799.3922087590608,789.9175145824105,340.9302890730439,342.97038117306795,343.132480572639,342.6323642131736,341.5166193595658,340.9302890730439,346.2222045744925,346.5904874372499,346.21456817561483,345.128359300994
111.17959933290629,711.6048745847763,722.5197470044909,722.012179944414,716.499583525236,707.9387867931827,288.9128613694397,290.57595070710863,290.70176419551797,290.2777907979018,289.34768442616485,288.9128613694397,293.82369756585024,294.150951315652,293.84876971072975,292.94800561878895
115.54775350255345,637.9198975348514,647.5848910998589,647.0865227260624,642.078442959957,634.3472390663014,244.5322689791882,245.88530601918646,245.98165741070378,245.62180470728507,244.84689312323758,244.5322689791882,249.07272708234558,249.3632618239665,249.1212286973325,248.37507332108612
120.08752882360152,571.7512264258954,580.3100500997567,579.8257755812164,575.2796201214682,568.3009529119909,206.78791782227577,207.88683383123498,207.95944022032415,207.65352366908516,207.0079924161331,206.78791782227577,210.96698316415544,211.22448006819346,211.03112256094425,210.41341995722624
124.80566814862961,512.3458830662915,519.9256887759763,519.459138372832,515.3354079799609,509.038944111518,174.78169807718493,175.67303394066667,175.72663093894764,175.46599226851808,174.92799282230354,174.78169807718493,178.60848857314997,178.8361293106749,178.6817893165042,178.1704094918924
129.70917925129714,459.02605877488435,465.73934742772104,465.2931091509207,461.5552410452722,455.87683145777066,147.72385118335677,148.4461633271191,148.48466260578576,148.26200668146188,147.8131717827181,147.72385118335677,151.20791430628742,151.40847892179585,151.28511372311937,150.8614593572503
134.80534523487418,411.17976656455687,417.1260763042454,416.7018889756232,413.3161038445239,408.19728884428554,124.90839099522037,125.49346567482449,125.52010162410939,125.32934942793642,124.95434447099916,124.90839099522037,128.0611544148441,128.23717061536578,128.13821066485102,127.78677447636464
140.10173534971204,368.25450127473033,373.5218922116766,373.12080232820216,370.05594508051695,365.4434981950426,105.71414775354486,106.18810074086912,106.20550066941239,106.04153060999272,105.72753841616206,105.71414775354486,108.54896962435323,108.70272895878614,108.62279367826221,108.3306445904172
145.60621623572575,329.7533061125837,334.41969503668247,334.0421986184062,331.2695887681054,327.11508853003266,89.60161996131471,89.98579782075412,89.99609499241696,89.85465017794472,89.5910534469225,89.60161996131471,92.13384133944477,92.26746406515268,92.20223654902888,91.95869119509037
151.32696360658267,295.2274263166356,299.3617562392419,299.00791407076235,296.50119416513405,292.76062972801776,76.09776639620723,76.40955155281183,76.41447527636731,76.29203595652092,76.07007409594775,76.09776639620723,78.34477660640346,78.46025899704638,78.40633431543763,78.20261153370791
157.27247439295311,264.2728717302587,267.93614011887536,267.60566691783606,265.3406404896096,261.9740325684803,64.79301844246157,65.04651736316848,65.0474408901002,64.9410610598171,64.75349342416449,64.79301844246157,66.77365812829535,66.87285861564752,66.82754684256405,66.65642707954747
163.45157936286077,236.52642391801731,239.77260325583904,239.4649491086747,237.41943547293852,234.39049165972855,55.336075645924666,55.54267668433846,55.54069231110323,55.44794465019486,55.2888454438012,55.336075645924666,57.07043104002797,57.15510322965407,57.11634509919355,56.97195465287087
169.87345623787476,211.66005937427238,214.53691356280103,214.25133487722962,212.40503930608554,209.68085069539487,47.42734585583898,47.59623390027884,47.59220353927343,47.51107478057404,47.37558219202612,47.42734585583898,48.93613368097284,49.00792008325768,48.974149260165554,48.85170403447593
176.54764332462588,189.37942644272331,191.92922011904488,191.66482647475397,189.9991892342391,187.549920925863,40.80949289191956,40.948041437231424,40.94263078727052,40.87144079195925,40.755571212145064,40.80949289191956,42.113630306387776,42.17405812480205,42.144097695221156,42.03971264721007
183.48405368189555,169.41960604007573,171.67974098687813,171.43554082789802,169.93361010622135,167.73223239402805,35.26560564461938,35.379716093078734,35.37343909661727,35.31079801652717,35.211304944193174,35.26560564461938,36.38581106487972,36.4362992402891,36.40929388021011,36.31983382751895
190.69298984431538,151.54176034065077,153.5453415461579,153.32028279849467,151.96660268303796,149.98865441294654,30.614736393548025,30.70913727914677,30.70238422879041,30.64712731251217,30.561348254843008,30.614736393548025,31.571073939217623,31.6129249712916,31.588254155628572,31.511176287467116
198.1851591245512,135.5318720438197,137.30819825756078,137.10119143380774,135.88167283755396,134.10501744361866,26.702597453383568,26.781059304320117,26.774119283488567,26.725268329824438,26.6510248638661,26.702597453383568,27.51423901636821,27.548640834778254,27.52586722152539,27.459117359457164
205.97168951669565,121.19728441058676,122.7722889921907,122.58223196687334,121.48404702354789,119.88866585724298,23.401954075913384,23.467485313581037,23.460569692239805,23.417301504500973,23.352808571399315,23.401954075913384,24.08685296578042,24.114877731382837,24.09369942774282,24.03561618915506
214.06414622449142,108.36459148671617,109.76123363809491,109.58703291455645,108.59852019932076,107.16632840297868,20.60795520133397,20.662961621264596,20.65622091291212,20.617835842908967,20.56162133955885,20.60795520133397,21.182782244620576,21.205393009831994,21.18560542829851,21.13483779141404
222.47454883893707,96.87860751029905,98.11720954112994,97.95778874998307,97.06834512432064,95.78300058663379,18.231911259229204,18.27831036967333,18.271847105597228,18.237749484696508,18.188600337381693,18.231911259229204,18.711842056496792,18.72989110839614,18.71135793066461,18.66680821039186
231.21538919078338,86.59956224465537,87.69811883267414,87.55243366065862,86.75243377078935,85.59918447767025,16.202296385135266,16.241624438409012,16.235503831808487,16.20517992923535,16.162087216464453,16.202296385135266,16.60099487274138,16.61522984540912,16.59785761778922,16.55862508107832
240.29964990444276,77.40186100028802,78.37630663782038,78.24335289796528,77.52406796213913,76.48960687150908,14.46031641299642,14.493807288510318,14.48806820855131,14.461075706707168,14.42319854503986,14.46031641299642,14.790049957537471,14.801127240080788,14.784855538172309,14.750199636878467
249.74082368086414,69.17327164848646,70.03771261844832,69.9165268467725,69.27003654850306,68.34235380317702,12.956549998126363,12.985193652558063,12.979854344340977,12.95581014351305,12.922445349975431,12.956549998126363,13.228048107235049,13.23652990908622,13.2213135534315,13.190621719422298
259.552933338016,61.81263097535935,62.57956283358027,62.469231619194936,61.88836437455432,61.05663613115093,11.65181562950337,11.676413862600702,11.671476907185752,11.650044579051837,11.620596929875997,11.65181562950337,11.874452167423605,11.880819052416767,11.866619786097411,11.839378266197196
269.75055263874566,55.22915523353967,55.90964740666968,55.80930948515438,55.28757734555994,54.54205475783201,10.51400880862609,10.535213839238866,10.53067205172564,10.511557629312463,10.48552261492935,10.51400880862609,10.695962108221455,10.700625856685393,10.687411900896608,10.663188926681755
280.34882793694425,49.34185612952854,49.94570863917642,49.85454993055732,49.38607542219815,48.71796892824922,9.5158387529481,9.534180287931472,9.53001934858298,9.51296541072564,9.489914579198333,9.5158387529481,9.664039869918277,9.66734261025608,9.655080473447704,9.633510759962853
291.3635006741755,44.0777437614496,44.613639056787925,44.53089756654603,44.110367829988895,43.511764602768416,8.635856117433466,8.651769235991264,8.647969951410325,8.63274902915374,8.612314807067683,8.635856117433466,8.756202860720327,8.75842968075845,8.747083660437152,8.727854481678742
302.81093076017544,20.493359548985087,20.746959438470356,20.762801268576133,20.673382066403914,20.487037857087678,3.3747142965981314,3.383012301775564,3.383025331385571,3.3790786154733747,3.372048404646544,3.3747142965981314,3.4550228688761586,3.4591674074210825,3.4578882501549835,3.4516979776621435
314.70812087195253,16.585146421945396,16.78542491335572,16.799825821026023,16.733795196301056,16.59073601839485,2.715818688515825,2.7223041558831245,2.722341262294557,2.7193173750371646,2.713870663292149,2.715818688515825,2.7777093210047705,2.780933668946621,2.779971547687481,2.775178696202039
327.0727417075828,13.384986327809067,13.543547049900287,13.557880957252298,13.511721369395925,13.403834756549685,2.174948219034884,2.1800230980069495,2.1801331370949995,2.1779229718117326,2.1737941597374784,2.174948219034884,2.2223825080505533,2.2249365766910687,2.2243105435028325,2.220687735587481
339.9231582322001,10.266879240268072,10.38631121208065,10.396055482465224,10.3597119642886,10.277216716678105,1.6821947176901786,1.6860262887126491,1.6860624765847465,1.6843113867301822,1.681120321448848,1.6821947176901786,1.7174530215360362,1.7193057454457623,1.7187333877059858,1.715920617932139
353.2784569551749,7.895509031485345,7.986302351856853,7.99574899527101,7.971682417428756,7.911527769144644,1.2929128203984477,1.2958007563812992,1.2958918814342617,1.2946851604634115,1.2923647508495195,1.2929128203984477,1.3190775472976717,1.3205175889342269,1.320187760014324,1.3181504663769594
367.1584742789876,6.107686903662993,6.1766544206180125,6.184363768631706,6.16727993892815,6.12283783967456,1.0004159165116158,1.0026004969928874,1.0026852763031213,1.0018020003185089,1.0000738812590313,1.0004159165116158,1.0197808565737618,1.0208639379952043,1.020630645495607,1.019113659231585
381.5838259619053,4.474410535303286,4.5256181837765945,4.531320348804181,4.518208438712043,4.484487336957247,0.7487525052381544,0.7503785914212137,0.7504480039221011,0.7497953266227293,0.748506463054139,0.7487525052381544,0.762590944422929,0.7633712827706137,0.7631818542217728,0.7620438452292652
396.5759377382258,3.1984413419556317,3.2319409666495,3.237569566995082,3.2334623143218697,3.2154337639462782,0.5159935871199757,0.5170411705854339,0.5171317494679015,0.5168167728633362,0.5160810068995417,0.5159935871199757,0.5256611787875296,0.5262547665266386,0.5262689761529248,0.525641967198726
412.15707714156093,2.2895137655976567,2.3132788298523534,2.316864799491901,2.313225026147405,2.299966831866653,0.37453844720463236,0.375291031498628,0.3753437861301401,0.37509403896769083,0.3745475061306381,0.37453844720463236,0.3813163254586023,0.3817212141412717,0.3817020363149975,0.3812319253769183
428.3503865784356,1.474570540866638,1.4883555671082154,1.490945839315972,1.4903137397599409,1.4841470260729486,0.23333227999258185,0.23376943096117964,0.23380984802056354,0.23369483147291023,0.23340807994738288,0.23333227999258185,0.23775442159231577,0.23802791434283163,0.23806609380065638,0.2378308151963589
445.1799177013168,1.2135729646708282,1.2248175394567244,1.2265982559740254,1.2255138033281885,1.2201283025509195,0.19504677404803614,0.19540468066409375,0.19542614815778547,0.19530989153573472,0.1950582771436161,0.19504677404803614,0.19839347249205855,0.19859048338705176,0.19858960174333762,0.19837681154056475
462.67066713213103,1.0276313958253591,1.0367305564140243,1.0386735073183355,1.0388080512907831,1.035287133395285,0.16280343887534154,0.16308308285072862,0.16311457151768044,0.16305270207831982,0.1628799406668956,0.16280343887534154,0.1653620185885336,0.16552815410590552,0.16555500659884254,0.1654123194763885
480.8486135893327,0.7845949200814368,0.7906545161761555,0.7924454808672076,0.7938155467392816,0.7926958615021953,0.11880119053231329,0.11897877481002085,0.11900986396128166,0.11899941113769574,0.11891715903284147,0.11880119053231329,0.12059466220003683,0.12072168528236293,0.12077472756448371,0.12071430996094766
499.74075647365794,0.5034097707410461,0.5074559771187875,0.5090423932982111,0.5105441869852685,0.5100787364444029,0.07760431180761711,0.07771840380655377,0.07775451373554453,0.07777632379885664,0.07774399530511174,0.07760431180761711,0.07872044431898807,0.07881626242943288,0.0788777024560613,0.0788590503649084
519.3751559698876,0.3501212486876938,0.3528602762194622,0.353800357341144,0.3546160880965058,0.35423495663286353,0.054559860931479326,0.05463861232833295,0.05465847699874174,0.054664354158939145,0.05463633238032927,0.054559860931479326,0.055281531452749,0.05533981827721143,0.05537118653804515,0.055351993259842816
539.7809747241704,0.15880366245770702,0.15945254180271365,0.15996263921939838,0.16097143407022488,0.16176307244777544,0.019951742307223824,0.019965168405516126,0.019975690964776388,0.019996418767447125,0.020012608996101848,0.019951742307223824,0.020264174512825035,0.020292594745583946,0.02032534269432131,0.020345891292965077
560.9885211588132,0.14206149720677858,0.14263883202231906,0.14309236819123722,0.1439879564275021,0.14468777459116325,0.01811974680712793,0.01813147082468357,0.01814065292213969,0.01815871307305062,0.018172759947201213,0.01811974680712793,0.01836520898022218,0.018388468850199007,0.018415979980676053,0.018433448232667078
583.029294488879,0.0,0.0,0.0,0.0,0.0,0.0,0.0,0.0,0.0,0.0,0.0,0.0,0.0,0.0,0.0
605.9360315074416,0.0,0.0,0.0,0.0,0.0,0.0,0.0,0.0,0.0,0.0,0.0,0.0,0.0,0.0,0.0
629.742755209002,0.0,0.0,0.0,0.0,0.0,0.0,0.0,0.0,0.0,0.0,0.0,0.0,0.0,0.0,0.0
654.4848253232733,0.0,0.0,0.0,0.0,0.0,0.0,0.0,0.0,0.0,0.0,0.0,0.0,0.0,0.0,0.0
680.1989908343959,0.0,0.0,0.0,0.0,0.0,0.0,0.0,0.0,0.0,0.0,0.0,0.0,0.0,0.0,0.0
706.9234445635948,0.0,0.0,0.0,0.0,0.0,0.0,0.0,0.0,0.0,0.0,0.0,0.0,0.0,0.0,0.0
734.6978798963353,0.0,0.0,0.0,0.0,0.0,0.0,0.0,0.0,0.0,0.0,0.0,0.0,0.0,0.0,0.0
763.5635497382506,0.0,0.0,0.0,0.0,0.0,0.0,0.0,0.0,0.0,0.0,0.0,0.0,0.0,0.0,0.0
793.5633277873934,0.0,0.0,0.0,0.0,0.0,0.0,0.0,0.0,0.0,0.0,0.0,0.0,0.0,0.0,0.0
824.7417722138216,0.0,0.0,0.0,0.0,0.0,0.0,0.0,0.0,0.0,0.0,0.0,0.0,0.0,0.0,0.0
857.1451918411111,0.0,0.0,0.0,0.0,0.0,0.0,0.0,0.0,0.0,0.0,0.0,0.0,0.0,0.0,0.0
890.8217149280728,0.0,0.0,0.0,0.0,0.0,0.0,0.0,0.0,0.0,0.0,0.0,0.0,0.0,0.0,0.0
925.8213606528581,0.0,0.0,0.0,0.0,0.0,0.0,0.0,0.0,0.0,0.0,0.0,0.0,0.0,0.0,0.0
962.1961134056082,0.0,0.0,0.0,0.0,0.0,0.0,0.0,0.0,0.0,0.0,0.0,0.0,0.0,0.0,0.0
1000.0,0.0,0.0,0.0,0.0,0.0,0.0,0.0,0.0,0.0,0.0,0.0,0.0,0.0,0.0,0.0
