M200,m200_msun,z,c200,weight,mstar_msun,log10_mstar_msun
70342860778.86336,70342860778.86336,0.08076150547565043,7.78188104287491,0.00125,181206657.53857952,8.258174149627514
83858640012.05925,83858640012.05925,0.12425493439724816,13.667424375142712,0.00125,180521627.01991662,8.25652923911017
89521257312.82024,89521257312.82024,0.2401547682902474,16.952728896396728,0.00125,228931552.52798614,8.359705653506504
50567448185.58747,50567448185.58747,0.1635782093392829,3.953505921247822,0.00125,131148957.42118913,8.117764842482421
1776318406.6094356,1776318406.6094356,0.21441616297479,8.737469745682812,0.00125,16153705.132384103,7.208272151063122
18941567464.9862,18941567464.9862,0.19039726538800758,8.363097834817456,0.00125,93136467.64846304,7.969119762586711
7388177597.840705,7388177597.840705,0.10544754475403136,10.402913014315988,0.00125,27984868.61841578,7.446923272349378
3724282779.8049803,3724282779.8049803,0.18793665542872054,13.469330658104573,0.00125,36201735.49562168,7.558729390922811
12423957451.724392,12423957451.724392,0.12783831841839285,5.706818395715742,0.00125,53970261.38121516,7.732154521384549
3186612223.2345667,3186612223.2345667,0.12743276186887278,10.624317497649916,0.00125,24480611.10221921,7.388822254772916
18082118774.565773,18082118774.565773,0.156801712306932,5.064194110730589,0.00125,31580903.135864973,7.499424545599893
61415731947.80209,61415731947.80209,0.2334516272871161,18.368574805561504,0.00125,74042802.84403972,7.869482850338302
56262723730.12579,56262723730.12579,0.10302372273781232,3.221994335211734,0.00125,94337252.97889207,7.9746832258053955
51519053638.329704,51519053638.329704,0.22001885937616222,2.6543810715664047,0.00125,78519777.27678028,7.894979059043067
1420650867973.1006,1420650867973.1006,0.1595424786697182,2.947718647738667,0.00125,586346273.6159898,8.768154169441615
477122267670.08673,477122267670.08673,0.2572423155740158,4.566983049266926,0.00125,366982143.78103936,8.564644933336496
16008431881.028254,16008431881.028254,0.10380214103457254,8.736234736244123,0.00125,35510545.14642501,7.550357339501472
4176807523.229103,4176807523.229103,0.12817436004710575,11.41759675742774,0.00125,37088281.99112934,7.569236716341468
5732558059.594,5732558059.594,0.17364383885911783,8.822275441891161,0.00125,51962868.28460758,7.715693115568754
25443850015.38482,25443850015.38482,0.20795450090911158,9.096729718761779,0.00125,66831771.07238721,7.824982970277862
231566688840.70786,231566688840.70786,0.25791412762834326,7.2109039743894865,0.00125,204195086.68553868,8.310045287941733
4244272087.2942653,4244272087.2942653,0.22887647552855198,3.512973513864904,0.00125,14395750.316474276,7.1582343055331235
4906144459.70043,4906144459.70043,0.20283387510185755,5.064601211420035,0.00125,15831506.048830424,7.199522231197467
3664840954.852422,3664840954.852422,0.1397815474819343,9.803051528572274,0.00125,27988291.20144548,7.44697638383818
47780878837.80172,47780878837.80172,0.2397331558941799,4.8620861745631085,0.00125,147747390.5597776,8.169519819329963
3133283441.060301,3133283441.060301,0.22518214353803606,7.289230060358994,0.00125,5109754.257214866,6.70840001416566
9370576098.968178,9370576098.968178,0.17748345912040897,8.11828446915555,0.00125,36700956.41398345,7.564677381960625
706007901.720061,706007901.720061,0.15035800189802878,14.768363942119349,0.00125,3846207.3651483264,6.585032695168172
10272710207.880144,10272710207.880144,0.12467631894873538,13.570980618456389,0.00125,52502477.19159267,7.720179794934696
23576512368.145397,23576512368.145397,0.06388374631566884,12.523434451444464,0.00125,25694272.908407904,7.4098363326133665
40128434418.82874,40128434418.82874,0.23583605049748055,6.6719708736050904,0.00125,148434080.04387888,8.171533625173208
130190475291.3261,130190475291.3261,0.12408968579033791,25.41469787754838,0.00125,150586790.18410558,8.177786876235388
52444665270.052414,52444665270.052414,0.16150660487722676,8.396758894299454,0.00125,231721395.17173868,8.36496613467927
4516670266.404052,4516670266.404052,0.2101916829228916,8.43536693357199,0.00125,49288454.57715403,7.692745201211404
30687000376.05721,30687000376.05721,0.2733162865558268,5.942550391333346,0.00125,70431945.13053188,7.8477696825395915
45567071741.13917,45567071741.13917,0.21953266431662677,10.264112950255374,0.00125,129130808.5807953,8.111029870464556
59414889665.58326,59414889665.58326,0.12959350017310928,10.899469059626028,0.00125,70747212.10030948,7.849709330510003
5435274874.210266,5435274874.210266,0.20096892905223998,9.076067762233778,0.00125,13272153.970268901,7.122941411296163
6866561172.196249,6866561172.196249,0.06168797781562124,7.704350517476393,0.00125,11570431.63018672,7.063349560430731
21585299949.757126,21585299949.757126,0.2500956968682095,5.93771574894606,0.00125,60574094.0861523,7.782286927781445
1048372882.4504963,1048372882.4504963,0.13904672726194162,15.63554616504369,0.00125,5021626.474227462,6.700844405267593
124665948618.75792,124665948618.75792,0.10283685950090596,18.158807665714583,0.00125,227311458.75188553,8.356621329025804
13789352144.184721,13789352144.184721,0.10526579296974563,6.215430957661298,0.00125,11404122.70564857,7.057061881567918
48202525172.68037,48202525172.68037,0.1457047070665739,4.115543100919273,0.00125,134089714.74510963,8.127395466884023
18423410532.328953,18423410532.328953,0.12250505542010397,5.438757152403061,0.00125,25967500.162719287,7.414430143014271
384000164.0504865,384000164.0504865,0.09972731964835828,16.579201695852788,0.00125,5619668.293179835,6.7497106816379
3488873550.6899133,3488873550.6899133,0.15228254202098793,6.4184542426005615,0.00125,43933326.21024638,7.6427940851244225
6377419401.019396,6377419401.019396,0.1519634926909947,9.561834130769242,0.00125,22668247.493962683,7.3554179456615145
905869290.5471525,905869290.5471525,0.15197904859178163,18.521227097936812,0.00125,7039845.918111658,6.847563153794645
11426455377.466993,11426455377.466993,0.15387421033668963,5.351166997977632,0.00125,112882241.55771863,8.052625624829233
44010406064.404175,44010406064.404175,0.11629059992670354,7.145035201107945,0.00125,36778843.40215467,7.565598067698144
21411793244.621727,21411793244.621727,0.10916147496751166,7.77684328130672,0.00125,29819218.03797729,7.474496250577598
314449882792.2534,314449882792.2534,0.0896487648550101,8.176243411314125,0.00125,236037073.68211338,8.372980221745692
1563977134.5273938,1563977134.5273938,0.16514147831764484,13.441417536044353,0.00125,5822264.468497893,6.765091928790977
196031605559.15488,196031605559.15488,0.21890634454871133,2.8897757444991923,0.00125,191662137.83827162,8.282536328047783
17333759883.62956,17333759883.62956,0.11198411012911602,11.821718343313389,0.00125,73823904.98552817,7.868197013886088
22789849592.29567,22789849592.29567,0.11089694726693508,6.222546226300956,0.00125,51212921.262969755,7.709379549359163
476382006.4851553,476382006.4851553,0.12784620194741467,5.933365104176518,0.00125,1702654.200768914,6.231126454217981
57492900381.97648,57492900381.97648,0.11775521811327667,7.466801692771288,0.00125,57882109.87127482,7.7625443532823795
10322238638.147112,10322238638.147112,0.24555756224258435,8.327918769929415,0.00125,21922838.548005432,7.340896785484014
73546431333.32536,73546431333.32536,0.18072999212902266,11.087509932820803,0.00125,208205293.09984365,8.318491766167956
5244602855.041759,5244602855.041759,0.10018134809613773,6.302839545352716,0.00125,29484176.169552885,7.469588997468559
4566328680.692808,4566328680.692808,0.1708020233077896,15.290770547346131,0.00125,6081965.009578555,6.7840439172565405
2616256073.368914,2616256073.368914,0.11930799091689874,11.902160848028023,0.00125,16816435.000439465,7.225733932975737
2778372197.996358,2778372197.996358,0.1351853796637724,7.421652336931545,0.00125,18765412.22638933,7.273358109153033
20898180337.99912,20898180337.99912,0.175477468210538,8.673021163454601,0.00125,48618512.01612893,7.686801663000258
2145748527.820764,2145748527.820764,0.2167075144382174,12.359292154450129,0.00125,22325534.48305846,7.348801864884856
19951617809.479725,19951617809.479725,0.2563666890468895,11.109684319030533,0.00125,116674156.711123,8.066974670606866
51840226473.35679,51840226473.35679,0.26927366142643266,7.114739920251096,0.00125,76314526.66889845,7.882607214909687
6726263734.596095,6726263734.596095,0.132579890479834,9.168915126686935,0.00125,16499368.329260174,7.2174673177673645
273211519743.84097,273211519743.84097,0.11501759862065432,10.793986965642453,0.00125,291946990.62315166,8.465304002921798
77293140192.23112,77293140192.23112,0.15697182513454125,8.621047679707003,0.00125,43763705.93030038,7.641114091134623
4352845490.025626,4352845490.025626,0.1589840248601819,5.884636853175075,0.00125,10018265.88166548,7.000792553547133
9764004131.094126,9764004131.094126,0.0986044675288598,5.389837094295701,0.00125,16219315.77589427,7.210032529220312
39199901136.633804,39199901136.633804,0.10656672982356659,9.27934206318865,0.00125,159344235.1168893,8.202336355841048
60481216550.92924,60481216550.92924,0.20692916042945936,8.507589716525175,0.00125,144694366.19849074,8.160451621813303
19782753627.675274,19782753627.675274,0.2649260709618532,6.430292196951879,0.00125,90158592.71562216,7.955007124193666
3283848513.3635907,3283848513.3635907,0.13414494061345794,11.56957643363896,0.00125,10616014.436758097,7.025961500455486
4826713893.053181,4826713893.053181,0.10464243523032624,11.833623571832355,0.00125,13511670.74021736,7.130709053566431
3807743901.372556,3807743901.372556,0.13016401553630672,5.691184668520276,0.00125,18442572.76488439,7.26582150563593
110638969684.44998,110638969684.44998,0.0803408048020969,16.04027817855946,0.00125,195824805.7884836,8.291867704498282
16079818839.881336,16079818839.881336,0.13089897611474843,6.523818572369094,0.00125,31602774.492952928,7.499725212178062
35032829660.144424,35032829660.144424,0.17957108990274281,8.89442654122349,0.00125,69834563.5248331,7.8440704230935
1998233949.2681558,1998233949.2681558,0.14430599268874514,4.85370980150708,0.00125,5385798.209036312,6.731250077567181
441117066.4157485,441117066.4157485,0.2364204317943124,5.447913898949234,0.00125,2150153.0718804,6.332469378941933
5534246945.158976,5534246945.158976,0.16056216225543038,5.82813886973578,0.00125,29153991.205347486,7.4646980184365095
10890287691.673319,10890287691.673319,0.18367836691339567,4.098997153570743,0.00125,58136205.54993198,7.76444668270611
6892834542.806223,6892834542.806223,0.1395869727313355,5.775972847283661,0.00125,38162370.4942486,7.581635343511012
27152182610.32813,27152182610.32813,0.24209659945922488,7.392151031986474,0.00125,49933530.44674084,7.69839227303156
10780976002.01438,10780976002.01438,0.06443580784553998,7.083889097552904,0.00125,25548940.7946583,7.407372899908288
11356347257.664656,11356347257.664656,0.12874860617898393,10.37390300757557,0.00125,40636809.03333245,7.608919598054793
20845976634.3141,20845976634.3141,0.06784179270238659,10.483360848464613,0.00125,52829222.154358655,7.722874216279278
2070307538.6735172,2070307538.6735172,0.20783914549081817,7.620523046484509,0.00125,21083151.894454777,7.3239355376621305
1878179841.9476538,1878179841.9476538,0.2095225602736117,5.9161843729818875,0.00125,7239235.3368444,6.859692695129846
8186923128.183719,8186923128.183719,0.11389626848907129,11.892749312982232,0.00125,22528300.34458996,7.3527284274624
35694933191.46186,35694933191.46186,0.2660679322812442,4.446499018507814,0.00125,139203240.7667364,8.14364934612747
633793845.6465377,633793845.6465377,0.1291916183052522,11.678022293792274,0.00125,2086328.986256576,6.319382791938244
1992435788.2997265,1992435788.2997265,0.0531636016036139,10.623594517989797,0.00125,15092846.51477626,7.178771155552688
14827834188.965189,14827834188.965189,0.13031568466146756,11.572438703076084,0.00125,31527736.42056199,7.498692791066695
1503953559.8395488,1503953559.8395488,0.17520143569587526,5.0116818202922255,0.00125,6026724.299091461,6.780081324515543
211075440343.87286,211075440343.87286,0.13359255895510513,10.2968311284874,0.00125,197784506.67161825,8.296192268400905
13861337601.902426,13861337601.902426,0.20987706555459582,11.958680917946591,0.00125,25537331.86841708,7.407175520360658
44380709249.175156,44380709249.175156,0.271189560710598,7.930417394414892,0.00125,45569532.657310925,7.658674574656801
2526760770.523942,2526760770.523942,0.247011981016366,9.095187821692134,0.00125,12752018.499581324,7.105578934091267
7667738660.005544,7667738660.005544,0.12355689753343951,12.497333926937051,0.00125,15654605.277694171,7.194642121593273
6900774190.47595,6900774190.47595,0.10475222848651283,3.0263727958883146,0.00125,27617774.34823871,7.441188676877476
5347430456.269177,5347430456.269177,0.22805729790485996,14.575054128019529,0.00125,18253187.121786345,7.261338705973716
4296813091.267458,4296813091.267458,0.09097522328424006,7.871128175121853,0.00125,16714913.219328683,7.223104126159546
1529131011.0507157,1529131011.0507157,0.10543180934236748,11.944332133004243,0.00125,10922578.13896767,7.038325160289466
27631021635.370052,27631021635.370052,0.17282939172684542,3.6388531012319465,0.00125,62664536.25561965,7.797021830052168
3108555608.553791,3108555608.553791,0.20511215508332367,7.240064637897642,0.00125,5718631.967156946,6.7572921476437156
48151433757.24329,48151433757.24329,0.1250580631107562,8.291480375540502,0.00125,121103391.44985138,8.083156305548767
36793265835.78261,36793265835.78261,0.13209314771918979,3.354606088649295,0.00125,48395274.1399311,7.68480295430645
1174121404.8879418,1174121404.8879418,0.206628719175185,18.03942828881296,0.00125,24070639.399582945,7.381487626794448
74173758251.61197,74173758251.61197,0.1677841079404921,10.466838949507146,0.00125,62541965.02525465,7.796171522353319
736919461.7021377,736919461.7021377,0.13002992602202673,19.484647291082645,0.00125,6827122.949384191,6.834237724114062
10660170857.45688,10660170857.45688,0.1720152444578422,11.107492028864081,0.00125,25685907.82760554,7.409694919780122
5903193973.17593,5903193973.17593,0.15532850557052486,10.472656108962768,0.00125,8827620.366796864,6.945843647988665
3296213803.754696,3296213803.754696,0.1678243046449281,7.61191270411842,0.00125,29007257.66386995,7.462506672692891
5258356835.514162,5258356835.514162,0.2900861827261863,9.20266300008849,0.00125,14964762.089202374,7.175069816788111
5163382566.553181,5163382566.553181,0.12863544534272287,9.149317893939171,0.00125,8221813.96580754,6.9149676458161045
2531304002.232419,2531304002.232419,0.11221659994374791,19.43858773885485,0.00125,9334282.360038718,6.970080934062741
14108298178.752241,14108298178.752241,0.2489541555876832,4.882214452628972,0.00125,43836522.71275675,7.641836096877856
3472434190.188203,3472434190.188203,0.10060095491449869,9.299337092430207,0.00125,12910837.269704426,7.110954407240997
2171467521.7479496,2171467521.7479496,0.27039226329740734,8.943233167057581,0.00125,7489970.747140563,6.874480121520529
16858766312.042683,16858766312.042683,0.13640615356516292,8.397364282275433,0.00125,35032919.39122416,7.5444763298004185
25141633008.020355,25141633008.020355,0.1551687662630988,5.706785245351034,0.00125,47953167.9463294,7.680817303397467
5186508969.817865,5186508969.817865,0.201353979679861,11.088915673960475,0.00125,26225272.61688075,7.418720011465847
1222619789.1630673,1222619789.1630673,0.23491767867891702,12.072480383805013,0.00125,6809068.881172515,6.833087727563836
100655790632.1206,100655790632.1206,0.21978990561675257,4.066305927517075,0.00125,113601219.23720281,8.055382992511865
24539151492.542164,24539151492.542164,0.13574552513209678,3.6310159343870585,0.00125,28791173.12110536,7.459259360940705
79077722450.7428,79077722450.7428,0.12434998151515084,9.466711613381912,0.00125,157101699.38886878,8.19618088288349
6737067174.023911,6737067174.023911,0.17432308522384896,5.315173901147179,0.00125,27046041.654582936,7.432103712571417
54164872221.742615,54164872221.742615,0.1594303350561951,8.311163551323904,0.00125,89582831.20533548,7.952224783911573
2098213761.2597976,2098213761.2597976,0.1050408824938744,8.591279074098662,0.00125,4532705.783087086,6.656357530016408
6562815954.115765,6562815954.115765,0.17875096523883527,9.415597482681754,0.00125,20125821.033069238,7.303753606449009
5695734252.513317,5695734252.513317,0.21958837341130322,5.3222039390932565,0.00125,18209564.216826834,7.260299552577346
277768491148.60315,277768491148.60315,0.16165546934817057,4.190387010039665,0.00125,233187577.93071783,8.367705411525082
6195732759.684979,6195732759.684979,0.2594799801935682,11.630536299003793,0.00125,15883642.204313425,7.200950095563687
3818150692.90062,3818150692.90062,0.17872114904920913,2.9161960133934297,0.00125,7370228.462121378,6.8674809503150644
4942020994.44278,4942020994.44278,0.1390930899435613,13.870159872774773,0.00125,16516502.44622498,7.217918086015686
2985334262.1389174,2985334262.1389174,0.1570150422951993,12.141610906539059,0.00125,12871586.59236203,7.109632082711611
7726439235.210142,7726439235.210142,0.11079230929822192,12.42298018710136,0.00125,29599780.541211195,7.47128849112332
1085516784.4943168,1085516784.4943168,0.07780914223111045,7.410439807663408,0.00125,9729875.939412106,6.988107302840579
3842052916.7091193,3842052916.7091193,0.18335699579331077,6.577961707379967,0.00125,10196194.203918556,7.008438098755544
20720031121.30044,20720031121.30044,0.09027247777073513,5.591310491277241,0.00125,72416193.20785633,7.859835690982571
1457207619.1587222,1457207619.1587222,0.12491956193691384,9.17280511582875,0.00125,2270677.7372966497,6.3561555019674625
15052379731.75752,15052379731.75752,0.14375599624065358,13.76235635362557,0.00125,69778707.49932542,7.843722920814163
40967715483.592804,40967715483.592804,0.17695729219276857,11.120079817314148,0.00125,92871436.78382841,7.967882164428851
23231621122.119427,23231621122.119427,0.18228133906276509,10.864126991237134,0.00125,92403835.64510567,7.965689998979091
1023107674.3821056,1023107674.3821056,0.15379564799794335,5.842232971599955,0.00125,4548253.669419706,6.657844678565604
648163547.5363338,648163547.5363338,0.1355385111161944,23.201240154616823,0.00125,5579063.84007876,6.746561330981135
3919013655.89899,3919013655.89899,0.09571224130650233,4.935206654906661,0.00125,26322869.760174353,7.420333234982484
9601244915.139162,9601244915.139162,0.14220567135537784,11.760554803419257,0.00125,32622700.540839687,7.5135199095380845
1761272235.6800041,1761272235.6800041,0.21939283138694798,11.492593895816148,0.00125,5030911.149806532,6.701646647381507
153736059123.53287,153736059123.53287,0.20633770038923735,3.6692774560389285,0.00125,109491035.75683227,8.039378564101192
354817213901.912,354817213901.912,0.16542311876387292,3.9240375879721356,0.00125,213933152.55763447,8.330278091056705
1700585587.6341243,1700585587.6341243,0.1854031858188827,6.1680023157285655,0.00125,14827301.33364662,7.171062113769002
4741616164.387887,4741616164.387887,0.16364072259845938,5.347921295403521,0.00125,20540429.618740696,7.3126095229563495
624096842683.8903,624096842683.8903,0.19371575452642723,6.493071652424712,0.00125,243317034.9027126,8.386172515446498
10831055580.51727,10831055580.51727,0.10057108997392498,13.119227673999955,0.00125,44779510.174803145,7.651079338694919
12668706379.331327,12668706379.331327,0.17834913213363815,5.179106102212424,0.00125,44036520.48828982,7.64381299621174
8819236183.80646,8819236183.80646,0.12334216240836755,9.699631841185255,0.00125,38235209.07324202,7.5824634692890935
1006086307.135751,1006086307.135751,0.22003547259497055,7.581677707617435,0.00125,3054079.2193538,6.484880297973187
4684432507.132906,4684432507.132906,0.22758931502433274,29.589086759212208,0.00125,9524382.838349402,6.9788368438140065
79647393103.09233,79647393103.09233,0.11256518344400697,12.723958620446997,0.00125,140988209.41840586,8.14918279493459
1264603964.550195,1264603964.550195,0.2524045812401404,14.067004022063722,0.00125,8205404.92921874,6.91410001795291
91973882064.18732,91973882064.18732,0.1366943792264174,9.895711277953513,0.00125,109139725.45558979,8.03798285696708
28314711087.84581,28314711087.84581,0.29433611907169943,10.514713479159747,0.00125,64202785.67330208,7.8075538719364115
1162432289.501628,1162432289.501628,0.11559120495950968,6.747439815732289,0.00125,11158767.950207476,7.0476162463968866
16369776576.149752,16369776576.149752,0.15446294198283864,11.337321904525451,0.00125,74945875.89443687,7.8747477395783285
51044322832.61206,51044322832.61206,0.16492325927754808,3.3377884711864283,0.00125,56953890.64703815,7.755523397051208
512340297184.1011,512340297184.1011,0.0974442766493826,3.4601835175834985,0.00125,282086468.91619164,8.45038225447876
12429686305.175371,12429686305.175371,0.0940277237301217,9.290255119226092,0.00125,37701448.44577294,7.576358035614882
21708489055.91808,21708489055.91808,0.22557239686074285,9.012615697321595,0.00125,37539612.15016451,7.574489781287099
4166327781.112065,4166327781.112065,0.1269933374731251,8.24990358828322,0.00125,8694494.90352568,6.939244357243475
157731635140.08917,157731635140.08917,0.12713053751240255,10.516248055453987,0.00125,290272769.62957346,8.46280629675384
455697962.45368576,455697962.45368576,0.2561761332409784,8.061321504832346,0.00125,2472895.8317338917,6.393205822525476
16593650196.29148,16593650196.29148,0.18454764545348182,14.465713967378498,0.00125,36316407.98564632,7.560102886403048
28402075027.237717,28402075027.237717,0.1991615851029368,9.01917241236458,0.00125,48144446.905755274,7.682546201797688
9714132176.146542,9714132176.146542,0.20946140615707753,9.638507776344504,0.00125,51844820.66544834,7.714705376563669
16120020572.516537,16120020572.516537,0.08648074215833618,5.899650300628685,0.00125,52880009.69144889,7.7232915260718045
14991279487.59768,14991279487.59768,0.15873083338333144,4.540769080023673,0.00125,28866267.434594795,7.460390630872114
348699512112.6281,348699512112.6281,0.16051518240194979,8.80072002303719,0.00125,205174074.7026394,8.312122483511422
47663518846.260864,47663518846.260864,0.1388793370857653,5.994664886264121,0.00125,118709184.43599026,8.074484321276097
26672872828.85408,26672872828.85408,0.07348777332522967,2.9280852544995133,0.00125,98744942.54269104,7.994514861442312
336012197281.5314,336012197281.5314,0.18246458286442505,7.329386098683079,0.00125,526509985.64565206,8.721406612311021
2843670387.0037804,2843670387.0037804,0.08440532643728714,7.8113835661153415,0.00125,14199085.214030711,7.152260365559392
6833657337.695092,6833657337.695092,0.09334632986919217,8.649110017444308,0.00125,24755415.37663248,7.393670217852554
5255595851.056633,5255595851.056633,0.12115078186146988,8.316793681822308,0.00125,39084049.107595794,7.591999550287057
2732171372.419661,2732171372.419661,0.20887648173902407,3.620712258692407,0.00125,6637775.259847653,6.822022544086396
14331844239.792587,14331844239.792587,0.2659676302228169,7.871885398601346,0.00125,127039255.28833136,8.103937939230406
1759813055.012847,1759813055.012847,0.2705606727194422,14.127651729424013,0.00125,19441814.086856082,7.288736785855363
7650421064.028107,7650421064.028107,0.20643815649265154,6.588600820650646,0.00125,35666426.635590896,7.552259600221927
27034869270.629967,27034869270.629967,0.18077857074252107,12.168986117048965,0.00125,50125593.912257835,7.7000595313896
5708050759.142225,5708050759.142225,0.22910837522010682,8.536610624873687,0.00125,31016922.230609864,7.491598701131424
3300169378.8128805,3300169378.8128805,0.18170135028610446,10.12882846841369,0.00125,10185646.256397406,7.00798858922065
16621957102.752295,16621957102.752295,0.16638275203341255,9.487956156072785,0.00125,45614834.76023557,7.659106105970659
646573234.1417315,646573234.1417315,0.1989087078796782,8.48444072914539,0.00125,8543953.798383415,6.931658891233944
24461065540.03889,24461065540.03889,0.20100400098309182,21.16035437781789,0.00125,32644334.571284357,7.513807820284188
4965226865.329967,4965226865.329967,0.15944414343930272,11.237005243053398,0.00125,19527772.273862425,7.290652701846371
24806465561.598644,24806465561.598644,0.12383288937671386,6.242080786620549,0.00125,61902692.70272673,7.791709540789114
8175748779.717559,8175748779.717559,0.17532314467685164,11.357140698548912,0.00125,58260516.704424076,7.765374332006119
6082662108.774306,6082662108.774306,0.05397475533182863,10.587143692959737,0.00125,22533389.6247798,7.35282652614952
46094146603.304794,46094146603.304794,0.24526570485050553,7.392993865126456,0.00125,64853007.32282794,7.8119301197173545
23482865034.027008,23482865034.027008,0.11793570687649405,8.153981820595336,0.00125,69992251.78062111,7.845049965797556
14290068211.041492,14290068211.041492,0.20011688335086714,10.770248659414635,0.00125,66893138.16763121,7.825381570551472
1349381932.6921494,1349381932.6921494,0.2588215792614743,5.266428185215298,0.00125,5959388.468680461,6.7752016962664445
355223998.43775064,355223998.43775064,0.2354196244725465,7.723651533890417,0.00125,1641208.030092628,6.2151636332134625
16635898708.646923,16635898708.646923,0.11126251039395346,4.557366868290756,0.00125,28984378.660571814,7.462163994816248
1124455159.948979,1124455159.948979,0.17273278206574036,5.504309996559622,0.00125,2335964.711303684,6.368466277737518
35105725341.10064,35105725341.10064,0.0683739115405088,2.53485912532245,0.00125,44816872.6992043,7.651441548386817
1314273066.757256,1314273066.757256,0.14267988290078717,8.867613121949166,0.00125,5456374.171454254,6.736904144461104
62554268951.79522,62554268951.79522,0.22322118657058312,5.651282479732236,0.00125,51186130.49010931,7.709152299499218
498895073.53133994,498895073.53133994,0.15224183682538658,6.518536009478886,0.00125,8076952.4099282455,6.907247523989853
1041083941.7704979,1041083941.7704979,0.09388901006012686,8.756094838994061,0.00125,2978738.567315236,6.474032388493771
551876899.5678412,551876899.5678412,0.2433269161509221,21.156146106431326,0.00125,3085201.200009356,6.4892834916122215
3864751114.2031054,3864751114.2031054,0.16393596828143475,13.158541536557955,0.00125,39087678.572597586,7.59203987833584
334650449.64624417,334650449.64624417,0.15988911868085523,3.987831317100456,0.00125,2902153.042992383,6.4627203109185825
28015127267.215412,28015127267.215412,0.057882297150083264,7.00904396239116,0.00125,62197344.20822778,7.793771840955512
15970922240.27371,15970922240.27371,0.1602502156027771,13.630545951646505,0.00125,39813269.3144063,7.600027841661177
65752015291.913864,65752015291.913864,0.17392825283007943,7.20733106330643,0.00125,161847489.9323006,8.209105968384844
92951450953.95139,92951450953.95139,0.23254682601330615,7.501651977192155,0.00125,149955085.3555037,8.175961198367535
63985991270.56524,63985991270.56524,0.09276888711002278,8.040354893601869,0.00125,170711658.09938833,8.232263180607113
3124400047.4680886,3124400047.4680886,0.2259077254386824,5.660230518882422,0.00125,8001677.148128738,6.903181024471774
6465550113.2659445,6465550113.2659445,0.09960732328067377,11.806910621708177,0.00125,18497303.078661915,7.267108412541593
14952287523.883463,14952287523.883463,0.16031623272769194,12.703113317688482,0.00125,77663193.07343334,7.890215242322116
5479808461.353468,5479808461.353468,0.14048446927227035,7.021421597461086,0.00125,17409483.512745798,7.240785887091386
21295171023.86188,21295171023.86188,0.15657072650422343,8.72580252508022,0.00125,36419620.65979016,7.5613354179493495
967718872.7567965,967718872.7567965,0.2568867614593856,7.460083709226756,0.00125,6607032.414775077,6.82000643750658
7845318722.506111,7845318722.506111,0.2116851177641168,10.13420666797463,0.00125,56019130.044671915,7.748336360115323
7491563652.311144,7491563652.311144,0.10255949869979149,17.235963001069624,0.00125,32382724.073728062,7.510313379328633
3417070871.894467,3417070871.894467,0.21263623644111612,15.395801414834748,0.00125,8848383.050997356,6.946863915196332
52573099263.290474,52573099263.290474,0.2034736669206564,3.3144179545944064,0.00125,141242387.99956784,8.149965051614565
3208643394.7713456,3208643394.7713456,0.16158580694002023,6.549145501088158,0.00125,8182623.941596829,6.912892592256109
7869986285.650753,7869986285.650753,0.11092664617169708,6.875447155358965,0.00125,61115440.157388605,7.786150943925641
28559245616.87434,28559245616.87434,0.2618885487526446,10.48333585899595,0.00125,117094934.30594885,8.068538107279362
12791460038.304169,12791460038.304169,0.09509351606237514,8.169842621534663,0.00125,30157698.865991652,7.479398200330077
10758253400.791632,10758253400.791632,0.1759914965322718,8.335364463569896,0.00125,28637190.835995127,7.456930413626661
40045163454.53766,40045163454.53766,0.11734202371189291,4.55370667013161,0.00125,105558968.78433289,8.023495138904384
51487123941.92431,51487123941.92431,0.2977833265795296,13.175978553108571,0.00125,153544591.96234977,8.186234524639259
16391900700.41966,16391900700.41966,0.15124645026323003,9.865287691117224,0.00125,28625246.49193248,7.456749235072842
3349356084.6128917,3349356084.6128917,0.13328350967852526,4.160309338853101,0.00125,14792949.661742967,7.170054779412332
6032773266.094557,6032773266.094557,0.1900890280450729,15.553072999138935,0.00125,8239040.815249928,6.915876654307372
3704100820.085659,3704100820.085659,0.0987462232321498,5.855208459058222,0.00125,14052579.123973537,7.147756039295582
111195260476.2717,111195260476.2717,0.07412635265464408,8.397080050080282,0.00125,191560576.0135094,8.282306134275313
614027307.781928,614027307.781928,0.18745041813898208,7.706327902337023,0.00125,3835632.555115163,6.583836996066585
7910574471.615441,7910574471.615441,0.11576871237733426,7.3981693160511215,0.00125,13760303.595561558,7.138628015906948
558665965.7486757,558665965.7486757,0.21831821809802268,21.26963682662233,0.00125,6022914.751330588,6.779806716185901
4287637878.338831,4287637878.338831,0.173434597186531,8.306892507683548,0.00125,10006274.905062322,7.000272430199558
8635514395.47831,8635514395.47831,0.15814947210140518,7.969140907004648,0.00125,34320382.62252265,7.535552120957669
3747316393.9447784,3747316393.9447784,0.1547915256766792,8.927436035325332,0.00125,27774070.62534697,7.443639535514387
6071089257.983388,6071089257.983388,0.1439582778411024,10.022638046027255,0.00125,18708228.970342766,7.2720326766067815
5814870570.150438,5814870570.150438,0.17852699657794982,14.751137498024557,0.00125,33219032.38838489,7.521386978070064
32462128800.68608,32462128800.68608,0.12219418113658903,11.939876476494542,0.00125,38807043.85426278,7.5889105614032815
760755523.4431111,760755523.4431111,0.1554460067291619,12.740920517050702,0.00125,4893994.548839068,6.689663481278453
5339477463.291033,5339477463.291033,0.11775820083371896,15.233550286920964,0.00125,35552800.77951319,7.5508738192760525
1350113323.074993,1350113323.074993,0.05361555870094537,11.068843221364776,0.00125,12260556.162566686,7.088510171067824
11145362538.816761,11145362538.816761,0.2046479470959345,12.181696368275816,0.00125,14201456.027298665,7.152332873411516
4833424638.632924,4833424638.632924,0.12338278483668944,13.456468690380559,0.00125,15392898.925990183,7.187320417687342
1192399036.8718133,1192399036.8718133,0.14476641668620166,12.155569489054773,0.00125,6900637.192828443,6.838889194585452
1301301493.6169796,1301301493.6169796,0.10276639853694247,11.576009343270826,0.00125,3571718.5893162265,6.552877234113048
7543402574.675551,7543402574.675551,0.17185306571057749,12.157161541762393,0.00125,25983984.650757886,7.41470575101501
17973699849.76602,17973699849.76602,0.07646086364275984,7.975284065111629,0.00125,51304458.82912621,7.710155110935118
9262990870.973995,9262990870.973995,0.20028595595940907,19.00581480867263,0.00125,16968451.904366773,7.229642221807387
2437973335.619523,2437973335.619523,0.08717573913766297,11.55915235132778,0.00125,6167977.656773652,6.790142791833191
5199717370.344977,5199717370.344977,0.21839324735186996,12.828349697942695,0.00125,45428413.31329421,7.657327568394757
63973476418.05669,63973476418.05669,0.17977964453147652,3.8840336510500157,0.00125,126453183.64552397,8.1019297678226
15091814122.341715,15091814122.341715,0.15760269275458136,11.485400435549586,0.00125,26937365.890227795,7.4303551253413165
174953182548.92316,174953182548.92316,0.0970915229527859,8.938185941763152,0.00125,227409018.94581285,8.35680768462932
6791867401.760421,6791867401.760421,0.21333674433759667,10.988426361500224,0.00125,21114162.864779416,7.324573867176314
3334493282.640557,3334493282.640557,0.1852488867947109,21.88917258969997,0.00125,41540939.62751232,7.618476315752966
16976498710.4284,16976498710.4284,0.1246320518109407,9.995823722646364,0.00125,26431142.24777456,7.4221159319998975
19372884090.425533,19372884090.425533,0.1906446110347778,10.418224506439604,0.00125,76308610.36314298,7.88257354479919
19450077754.59772,19450077754.59772,0.07820925096722477,10.052376458680698,0.00125,52642695.25080368,7.721338116597272
69864389922.67177,69864389922.67177,0.06041639020995897,11.402051773904633,0.00125,89633968.24722941,7.952472623799195
26056758563.70384,26056758563.70384,0.14331034736917928,5.172209519215163,0.00125,37325935.99543759,7.5720107070214935
22602521047.135292,22602521047.135292,0.15497817429386299,4.075457047525836,0.00125,89652841.67014073,7.952564059677373
53198184777.90221,53198184777.90221,0.1799534614835462,7.828585258749483,0.00125,90689941.31860381,7.957559120885077
5543881610.818602,5543881610.818602,0.15455327746956127,15.506141245156087,0.00125,24851846.576131083,7.3953586638149975
5101005454.914381,5101005454.914381,0.23684994286738295,5.13590236276421,0.00125,18979472.42405806,7.278284136094181
827145357.46803,827145357.46803,0.05966474442499264,13.010125695258072,0.00125,3441215.630851499,6.536711886905977
117506692316.67891,117506692316.67891,0.1897828385064143,6.689470901207194,0.00125,115704428.49310316,8.063349981538712
10986509793.804173,10986509793.804173,0.16579501255255513,3.663991248378742,0.00125,43271365.39736208,7.636200599270466
8752864850.142359,8752864850.142359,0.24493476736263534,9.189281915232746,0.00125,11075447.090094123,7.044361266709253
29185061836.843212,29185061836.843212,0.15874411509607303,5.5785422390963575,0.00125,59681637.27795,7.775840728858471
29008621221.850357,29008621221.850357,0.1721412643523266,3.8186904317969463,0.00125,232636229.50148886,8.366677350320762
23350260713.742733,23350260713.742733,0.27328987666057775,17.834589401441672,0.00125,62270140.35654469,7.794279844619813
8970924359.68467,8970924359.68467,0.20574036698280454,7.457145334163374,0.00125,72362266.56357794,7.859512161568627
66656608738.00789,66656608738.00789,0.19259890114067793,11.430349587986939,0.00125,111651088.4743125,8.047862961317742
19608678292.65126,19608678292.65126,0.12269068262622317,5.9903765813167205,0.00125,52983443.68410525,7.7241401820548425
54925681729.30202,54925681729.30202,0.15972650023631924,12.155341378618497,0.00125,114387462.28682365,8.05837842517338
21193273369.419853,21193273369.419853,0.09093922237895488,7.800599821072958,0.00125,16380197.65391485,7.2143191379303
5981945785.833535,5981945785.833535,0.19528953406751648,10.245118265818363,0.00125,25705609.60140665,7.410027907498437
1741509438.2082574,1741509438.2082574,0.15650243831082353,13.40736777290449,0.00125,5483009.276018253,6.739018980612668
56445368013.74592,56445368013.74592,0.15124840001165002,6.151693679335717,0.00125,21886130.641724307,7.340168987265252
16824969085.86542,16824969085.86542,0.1772369149037754,5.100133855598069,0.00125,25519953.840405904,7.406879884513265
6688980423.225173,6688980423.225173,0.22766934645335166,9.91375012435885,0.00125,19033973.00864022,7.27952944911924
9654713686.970373,9654713686.970373,0.15775038499076915,6.106082091257834,0.00125,22801649.32052597,7.3579662621275075
911721522.1779503,911721522.1779503,0.17871134545445133,8.271041931913238,0.00125,4428837.955280637,6.646289790373969
16759057317.849586,16759057317.849586,0.2631642062084926,10.044204954590828,0.00125,29455180.377773147,7.469161686614761
20687028312.223682,20687028312.223682,0.1621686633383629,8.332827209134289,0.00125,101462147.05052274,8.006304048227083
43773924919.77071,43773924919.77071,0.1281538147044358,5.814955622672613,0.00125,88794626.28976637,7.9483866837592485
5476886120.087037,5476886120.087037,0.20728620370891404,6.048182141668052,0.00125,28491502.96673642,7.454715359486707
42410235888.59629,42410235888.59629,0.12022124287575275,7.4487422608139475,0.00125,73812172.78708354,7.868127989713505
18887163594.898293,18887163594.898293,0.1287989676657951,29.634791460390552,0.00125,24610882.139742687,7.391127180608795
10187838063.6486,10187838063.6486,0.10789097751417921,4.840910291014512,0.00125,64068065.27205903,7.806641609361684
19832431643.30095,19832431643.30095,0.2527512886201088,6.927674891471059,0.00125,51928278.93455682,7.715403928957251
12157800333.698076,12157800333.698076,0.23703115649396347,6.7734962829525145,0.00125,28318751.112743087,7.452074096588215
599438949.3756974,599438949.3756974,0.2833000799997864,10.938178201705034,0.00125,3917335.5696915756,6.592990775995936
685396537.3558904,685396537.3558904,0.09581422657133261,13.07889309570401,0.00125,2636652.0870461855,6.421052827311682
39533561504.72823,39533561504.72823,0.29193473415783294,6.438754899062479,0.00125,59943738.117028184,7.777743822242887
3131898687.2957954,3131898687.2957954,0.05802459780883848,8.346217665634711,0.00125,10142576.346151827,7.006148285450819
21558650921.674515,21558650921.674515,0.2271131752604144,14.186631598238506,0.00125,72644619.86756602,7.861203455545948
457888602934.0375,457888602934.0375,0.11034990167577946,5.691755471649909,0.00125,314411747.72206485,8.49749876470691
99664773017.52538,99664773017.52538,0.13909952954594315,8.161490648780843,0.00125,77266335.7055649,7.887990316663462
8499796249.214215,8499796249.214215,0.21183618780722585,3.2704062367675193,0.00125,24508448.64114638,7.38931582174115
94436132381.21489,94436132381.21489,0.09822405559065676,3.8201971298007704,0.00125,97448495.68569663,7.988775139293111
146060334468.40753,146060334468.40753,0.17207188763030085,7.350424657862914,0.00125,195365755.19187927,8.290848440474988
4105498147.930834,4105498147.930834,0.1715224950778149,6.282314560474392,0.00125,30421355.990923095,7.48317856823935
115901206879.40155,115901206879.40155,0.23338862581417416,6.105382684160206,0.00125,128348852.7055275,8.108391990920314
33715006485.136288,33715006485.136288,0.24566600307514808,10.814432724093828,0.00125,42676390.372448035,7.630187679083681
50492963610.22478,50492963610.22478,0.28153100692364846,9.400018722929374,0.00125,54970143.96079966,7.740126874337006
2214026264.8220506,2214026264.8220506,0.1712709115669587,9.617740913102741,0.00125,9300947.647004265,6.968527199833269
47334480611.26112,47334480611.26112,0.17861051765371425,3.1115415510431954,0.00125,23899552.4518935,7.3783897683333715
5371250442.111442,5371250442.111442,0.11019842902674806,14.430369186144482,0.00125,12784707.68915073,7.106690802722924
6880773379.179437,6880773379.179437,0.09631827264121659,8.882302458875277,0.00125,22515482.155033134,7.3524812515444875
1699701802.686673,1699701802.686673,0.05751810425733479,10.049522687546732,0.00125,14388989.418939153,7.158030293228465
17152104782.328354,17152104782.328354,0.1341601563944418,9.366313407089002,0.00125,74934117.18137121,7.874679595136841
1525387760.0469258,1525387760.0469258,0.16094816741510323,8.9697647491401,0.00125,9257774.492928486,6.966506597739773
1563655446.3164008,1563655446.3164008,0.15141519308878615,4.363419545349091,0.00125,13847852.382709062,7.14138242533841
51502975011.237175,51502975011.237175,0.1901325485399502,12.476138434131894,0.00125,43765402.78943514,7.64113092979709
10570706146.195818,10570706146.195818,0.05506628260674257,5.8232827004082495,0.00125,21071300.169494964,7.32369133385282
991092704.3007499,991092704.3007499,0.27128228953261846,4.957123703096127,0.00125,15467982.517482884,7.189433672544744
64635849677.90663,64635849677.90663,0.17149763934865703,11.98315116596544,0.00125,126312744.52628988,8.101447171602105
8141910518.663459,8141910518.663459,0.22652425743696422,8.44436310546207,0.00125,22405172.372710343,7.350348289477759
89925503230.48764,89925503230.48764,0.17416732698518894,8.66071835663901,0.00125,160773216.4416581,8.206213700379871
16457245045.462059,16457245045.462059,0.08864396187127287,4.740038764657104,0.00125,9595508.281976435,6.982067984617193
161167645.48598573,161167645.48598573,0.12718942997610147,14.759310935675758,0.00125,1133094.8784412444,6.0542662765521005
35315748646.35335,35315748646.35335,0.16496961893257955,10.291876166678586,0.00125,33885694.194641605,7.530016387181711
11195410744.938509,11195410744.938509,0.14514857580775167,22.406069004013755,0.00125,36236849.96621508,7.559150437852729
486960965862.34393,486960965862.34393,0.23491101582642787,4.214617619715227,0.00125,180339386.19765362,8.25609058717873
326861735.005673,326861735.005673,0.14449903228424707,5.155084615651688,0.00125,10141994.765587252,7.0061233820669955
15230739537.970196,15230739537.970196,0.12862147111458028,4.800305751710254,0.00125,38589736.09963057,7.586471808608554
9440839405.101118,9440839405.101118,0.06157688018188245,6.6410806417645185,0.00125,9116160.156627135,6.9598119464478305
26856643783.206654,26856643783.206654,0.06771456436794278,23.79397551594592,0.00125,49107079.56356169,7.691144107066985
19408831830.059757,19408831830.059757,0.21887213972403521,5.83700928651515,0.00125,97227978.01381597,7.987791254109651
4163825589.031706,4163825589.031706,0.2189706532635243,15.314822348160845,0.00125,41376228.55846166,7.616750902209497
1971948083.9787145,1971948083.9787145,0.13832878052612926,12.459215084953312,0.00125,12930304.903270725,7.1116087658894225
6756876918.863687,6756876918.863687,0.18313716852367184,5.49125468150252,0.00125,44730183.968118146,7.650600684360322
35815355461.51224,35815355461.51224,0.17279619265173823,9.516849252179439,0.00125,168714033.7041233,8.2271512088889
122363360383.78215,122363360383.78215,0.10788279407389716,6.003019423530827,0.00125,87240990.59358387,7.94072058820979
4416670020.552364,4416670020.552364,0.22114877554547346,5.702684552139198,0.00125,16169616.990558105,7.208699732902248
907616513.9214302,907616513.9214302,0.1465090307939493,22.74057677157737,0.00125,7137916.460599597,6.853571460835539
4772063556.6662,4772063556.6662,0.20729940448250955,5.636960481134743,0.00125,32819296.916689273,7.516129272985422
13323223508.484098,13323223508.484098,0.25897852236699603,7.931807346567276,0.00125,82756033.01251625,7.917799664182359
21334879559.252182,21334879559.252182,0.25350705697947834,11.907367382551705,0.00125,42466118.14276418,7.628042563646014
4081438025.1844363,4081438025.1844363,0.1615248234873644,7.437985187429536,0.00125,12801351.28561555,7.107255815344082
1737257693.1693308,1737257693.1693308,0.1870870620155756,13.771600699827466,0.00125,11752690.00306126,7.070137281056974
89422654096.78218,89422654096.78218,0.15663973982584753,7.38285901272114,0.00125,69731485.07727331,7.843428914509336
4627411599.660359,4627411599.660359,0.20043890867473307,6.041697240152613,0.00125,28152174.109009314,7.449511939758798
1205103583.455891,1205103583.455891,0.2158990007596683,23.741302853730048,0.00125,7755440.407443575,6.889606465088594
3889250511.238922,3889250511.238922,0.09724957052152615,14.368330400513425,0.00125,12829249.12617215,7.108201238611647
10211639283.071146,10211639283.071146,0.1089444474197943,18.052707679900088,0.00125,57629731.71173161,7.760646597780458
24380985044.823635,24380985044.823635,0.12608313686168662,12.181913928120805,0.00125,50433033.47642658,7.702715091150442
1884766693.1680908,1884766693.1680908,0.13387903176914712,10.551555198200333,0.00125,18124009.391794182,7.25825427855699
11424291258.707218,11424291258.707218,0.1634211442801311,7.573259869988143,0.00125,55585824.74379437,7.744964053804158
18897462806.790146,18897462806.790146,0.22830613801301364,3.8802219081590428,0.00125,21710547.16635464,7.336670769024848
2173129416.9929967,2173129416.9929967,0.0585400965362983,8.306530286943238,0.00125,7967031.902656316,6.901296556229187
50974965545.25048,50974965545.25048,0.21429542264015375,9.651928843158219,0.00125,89189085.46708426,7.950311710750084
4625509251.050248,4625509251.050248,0.13620922118165757,6.981500155100783,0.00125,22790879.617967412,7.357761087174996
9411517093.695698,9411517093.695698,0.12209033825840465,6.850841447672111,0.00125,18812382.50264606,7.27444380045357
163309735244.64078,163309735244.64078,0.13089795028655737,8.746161436939904,0.00125,269520230.6089058,8.4305913695675
30671113793.259968,30671113793.259968,0.18837470863607458,9.777685624077568,0.00125,128293668.42255656,8.108205223506667
46354171923.119675,46354171923.119675,0.1912691587060801,3.674028368582322,0.00125,46095831.8374574,7.663661656586339
1884453388.3413982,1884453388.3413982,0.1495544104072952,6.24429828213986,0.00125,6403462.9918454485,6.806414903906672
74840057703.11829,74840057703.11829,0.09298891310919534,4.622420527265801,0.00125,82426642.80725,7.916067611623666
8429657188.160003,8429657188.160003,0.216693700616239,4.6888275169806395,0.00125,31135798.6247947,7.49326000973602
2500727734.497771,2500727734.497771,0.10260087478736077,14.104085235188363,0.00125,16632208.465781037,7.220949919743987
1180674756.4852884,1180674756.4852884,0.06680868492556281,13.558372820434654,0.00125,3784276.222657975,6.577982828997695
225619663055.68787,225619663055.68787,0.10509552545396104,11.294616490236377,0.00125,251132456.89484718,8.399902845486334
2322990997.0875816,2322990997.0875816,0.11229769579961045,6.578765797349499,0.00125,6837469.191852955,6.834895382509545
140665058020.02548,140665058020.02548,0.1420121217525538,4.813596124528091,0.00125,162851959.87554753,8.211792989538987
7375464994.314105,7375464994.314105,0.1186432600247149,4.531656056219298,0.00125,36527398.86573348,7.5626187469866375
8925233298.09356,8925233298.09356,0.12449402778968896,23.158282152971623,0.00125,9406326.49593513,6.973420049141305
39017743244.31943,39017743244.31943,0.20191367071007418,7.185220658614137,0.00125,62853350.572411485,7.7983284339125705
5804376019.501733,5804376019.501733,0.20575505249354725,4.935873179076413,0.00125,12139267.4409029,7.084192479492714
815195301.9891675,815195301.9891675,0.18729967593413735,4.837837282055842,0.00125,11587124.693073247,7.063975680583668
2707829686.9108534,2707829686.9108534,0.12833887888116155,6.744405176921801,0.00125,26609748.67241822,7.425040772683769
2918418899.9417205,2918418899.9417205,0.1032919812468132,6.91410731194325,0.00125,20741966.783536453,7.3168499344416045
849931345.0118955,849931345.0118955,0.13377582351869635,12.23442946393975,0.00125,10562142.986478247,7.023752042514165
8951736550.902653,8951736550.902653,0.13973135968557002,15.553098613644206,0.00125,34055713.26428864,7.532189980595747
27501085827.129494,27501085827.129494,0.20890129570427693,7.812692227873273,0.00125,55992174.467505485,7.748127333737193
54733187404.71229,54733187404.71229,0.130384753249002,8.341796998617657,0.00125,100878189.32293512,8.00379727842114
4677067835.499004,4677067835.499004,0.06566937870437382,7.931381456186936,0.00125,11094357.407069076,7.04510215265672
38942424883.875336,38942424883.875336,0.09139077809515381,13.687781117533888,0.00125,22951017.930216793,7.360801952255516
700456422.4304808,700456422.4304808,0.2734929801991614,11.113285573116888,0.00125,6855901.494534829,6.83606456902493
35972934932.89947,35972934932.89947,0.08471374464580587,6.808551384793258,0.00125,131522211.05009943,8.118999101281634
133677801799.59108,133677801799.59108,0.06153422333007264,23.510001755706522,0.00125,128658880.9786487,8.109439769768287
3858903907.141691,3858903907.141691,0.12958313475172203,6.391529638839459,0.00125,20317291.36334159,7.307865808712074
39085850554.9139,39085850554.9139,0.27327455549199464,9.526591805873322,0.00125,178933161.4467097,8.252690835249872
2405977884.098565,2405977884.098565,0.15675085260006155,6.527660207970499,0.00125,16095468.622270603,7.206703625762448
4474309783.33819,4474309783.33819,0.17048540160636447,8.880542089131913,0.00125,14263307.170520026,7.15422023514993
4501288021.376246,4501288021.376246,0.14983404954733934,6.030485911765641,0.00125,15734287.65664307,7.196847085743547
9554370068.895807,9554370068.895807,0.11796718966949335,14.44009311906116,0.00125,30240195.998713523,7.480584601673213
18857896186.998714,18857896186.998714,0.1772762623508605,7.041478916705028,0.00125,43288712.193680584,7.636374666074247
8172638024.712547,8172638024.712547,0.07282671082435561,9.688242217451004,0.00125,21100678.745124288,7.324296425464566
9281865716.747448,9281865716.747448,0.2237134303445453,14.780723348207255,0.00125,57685166.36076429,7.76106414944877
12984729259.154589,12984729259.154589,0.24502316555632514,14.644220170508632,0.00125,55002322.82127945,7.7403810307153815
182272850212.5073,182272850212.5073,0.1671596268134689,7.983435452581582,0.00125,192628936.65623736,8.284721527265015
4984353639.837852,4984353639.837852,0.13045434813710563,5.677028048474864,0.00125,14259572.42936757,7.154106503471652
16007785191.581003,16007785191.581003,0.2509824492594397,3.2793077933685426,0.00125,90899185.2938872,7.95855999076922
8942721449.949461,8942721449.949461,0.16580805705818402,7.552137781291574,0.00125,31112411.824264348,7.492933678783714
39805510641.67834,39805510641.67834,0.21672763505860826,5.081124784079916,0.00125,82561137.53170066,7.916775668056601
10241022187.484163,10241022187.484163,0.14466107967735853,10.877012821679054,0.00125,65384089.75571882,7.815472082086974
100000000.0,100000000.0,0.17199324319066941,6.170401476713122,0.00125,3195550.4017806347,6.504545671843136
10561519357.747814,10561519357.747814,0.2992978709560413,10.72277403037023,0.00125,55913892.68605536,7.747519728588919
3523918474.1356926,3523918474.1356926,0.29534526730957034,3.48503930784057,0.00125,7164008.661549104,6.855156102255261
10973462618.738045,10973462618.738045,0.17668705900157622,8.059060633021089,0.00125,71451198.51062226,7.854009517972115
22118096701.973385,22118096701.973385,0.16689024255538926,14.097620303509762,0.00125,52763599.30710739,7.722334413597189
3784713948.844824,3784713948.844824,0.07483505428312932,9.141302698412222,0.00125,28818911.48464686,7.459677573107427
22173310611.726086,22173310611.726086,0.09623954866251909,7.806297898568013,0.00125,77403080.50083494,7.88875824515178
100353354287.70575,100353354287.70575,0.162945668057922,13.863168587474295,0.00125,62359693.9692291,7.794903975217875
107800276396.50432,107800276396.50432,0.21692019610252172,2.688195482505781,0.00125,144131512.74579507,8.15875894483463
6924340121.414395,6924340121.414395,0.1866179153828224,8.88691497729185,0.00125,8031525.403838264,6.9047980373776525
6323017496.534157,6323017496.534157,0.12068858583097444,18.574303659138906,0.00125,87598973.04539832,7.942499014805855
4676087932.823438,4676087932.823438,0.07571841425398619,6.145256493622623,0.00125,16919117.70525569,7.228377711792273
20493932810.71229,20493932810.71229,0.257800756065402,8.605847143089495,0.00125,35482152.79114945,7.550009961693894
9755520425.83038,9755520425.83038,0.11102778891252756,10.91011457028018,0.00125,25037173.56227604,7.398585299954098
10244193713.859217,10244193713.859217,0.08983982077506622,10.200918194244148,0.00125,30852723.732459527,7.489293510338839
11595185424.413597,11595185424.413597,0.17363390309022997,9.84462165088078,0.00125,56978057.93100139,7.755707642442536
22419528548.830406,22419528548.830406,0.14398731854595292,16.103104582060514,0.00125,27854909.009048935,7.4449017441297825
1211918301.7640533,1211918301.7640533,0.1488339263280846,4.9794904001324705,0.00125,7198394.258285602,6.857235629411751
923286235575.6852,923286235575.6852,0.19600186300162,8.343571069659744,0.00125,374966706.1508128,8.573992707789326
14741041494.174744,14741041494.174744,0.1159647654572575,15.701570025870726,0.00125,40424400.43668291,7.60664358729282
18714742384.301144,18714742384.301144,0.07596166476116814,14.739048098215942,0.00125,26683689.88285376,7.42624588465076
23847770472.90471,23847770472.90471,0.14002223974895422,7.6001810919606045,0.00125,109773795.07494734,8.040498678796936
7793315712.430578,7793315712.430578,0.15459101947487106,8.71028323802479,0.00125,24290246.91056882,7.385431929434713
9310098939.85002,9310098939.85002,0.07380963031007584,6.526026102969669,0.00125,18401032.779774144,7.264842198986142
96569093626.64275,96569093626.64275,0.07264078708517259,9.03563527459146,0.00125,265317485.14609587,8.423765872116654
3430872063.526589,3430872063.526589,0.07668320999015013,9.529734082139978,0.00125,24853644.15050272,7.395390075903253
101432587243.87386,101432587243.87386,0.20710748476124605,5.804569573751449,0.00125,241782163.2010319,8.383424258852731
266099453410.4557,266099453410.4557,0.24690883295563093,4.250335233143583,0.00125,459529780.6937333,8.662313661906795
6892123384.881268,6892123384.881268,0.23914362221380864,7.650745400620822,0.00125,8083183.473786862,6.907582436617292
302588288.9007616,302588288.9007616,0.0860813669643239,32.477139759372314,0.00125,5890659.374477992,6.770163910520482
6493101927.161315,6493101927.161315,0.10144088904504787,5.967504774111325,0.00125,32116965.63350164,7.5067345070027605
179890862900.359,179890862900.359,0.060594891975928475,3.6436649290520484,0.00125,124317512.66034922,8.094532312197737
3643852788.042482,3643852788.042482,0.27856530703888255,8.50770524276584,0.00125,15211973.249483058,7.1821855530258905
13628332647.243654,13628332647.243654,0.11610408520035102,4.824685970967252,0.00125,18309443.064959146,7.262675134170968
1590456005.9408484,1590456005.9408484,0.147371672760032,3.392323815832511,0.00125,6699517.784780339,6.826043544350721
56735906329.0867,56735906329.0867,0.11668471106277897,5.760111088519668,0.00125,149857574.56262848,8.17567869928443
12092996017.664652,12092996017.664652,0.16172404180015376,5.308976134173743,0.00125,13290026.541659556,7.12352584827793
4505280902.613948,4505280902.613948,0.07659668068196002,8.609345400384488,0.00125,11338128.608511424,7.054541378889742
41640566878.476555,41640566878.476555,0.10657376266921653,6.815792255055035,0.00125,98169190.85513811,7.991975211402073
13846904006.143293,13846904006.143293,0.08615218858050425,10.938593307435863,0.00125,77321483.96777645,7.888300180494023
11019712987.43489,11019712987.43489,0.16781262435258212,4.201317400363006,0.00125,39028717.81722001,7.5913842839470735
1535109162.9972613,1535109162.9972613,0.2016609442520702,7.878461894203095,0.00125,10167826.525523655,7.007228128060261
3235404965.9926677,3235404965.9926677,0.2178983568956771,6.94074795624947,0.00125,23050275.750217956,7.362676125217281
9238284278.726074,9238284278.726074,0.25913431336237425,6.4898371563627135,0.00125,16062056.43366855,7.205801147457003
3412087121.179082,3412087121.179082,0.21648145560743243,17.072172453679595,0.00125,24658931.353396375,7.391974251603612
24378547437.593903,24378547437.593903,0.14494190339109256,15.684313063342822,0.00125,124538806.47856611,8.095304699330969
48117496492.03919,48117496492.03919,0.18800815665581072,7.503636277702143,0.00125,57767669.754797235,7.761684849226644
1836170934.129512,1836170934.129512,0.11282110973731276,11.458318741701934,0.00125,7851094.772808039,6.894930219883953
369593726.327864,369593726.327864,0.20548606561434768,14.231759088745662,0.00125,6202942.142005202,6.79259773029844
23603247807.409874,23603247807.409874,0.1298888643237206,10.893881418529533,0.00125,48788701.777000204,7.688319262084673
12317494042.11921,12317494042.11921,0.1477916202041384,12.021424156823768,0.00125,62435396.494872235,7.795430874041593
3787205935.7853656,3787205935.7853656,0.15428464409664494,5.270624192975221,0.00125,15001865.212042194,7.176145259118199
3711888357.699924,3711888357.699924,0.06774296355721987,11.826368584766984,0.00125,10432475.679659104,7.0183873809512365
4070003820.232522,4070003820.232522,0.1831920359325938,13.366349998904811,0.00125,4842734.192204178,6.685090632162993
51180719615.93864,51180719615.93864,0.23308952280336276,3.438000016141872,0.00125,79431394.92308286,7.899992189416798
10218337953.17653,10218337953.17653,0.069072987779351,8.107520361339734,0.00125,60495682.58062866,7.781724381291882
52200229622.10884,52200229622.10884,0.2029172006648291,3.008638411286312,0.00125,56337584.98415215,7.7507982262043145
16229060187.792448,16229060187.792448,0.2107169359971612,3.023836839237343,0.00125,63811472.82832666,7.804898768659897
2544578870.518729,2544578870.518729,0.0834730810465729,8.04154871263677,0.00125,18730453.990626175,7.272548303976108
17851510708.851395,17851510708.851395,0.11898344265295255,11.808749561357152,0.00125,36790149.95662008,7.565731558018675
6410693751.483116,6410693751.483116,0.07347598424050089,15.340486882153156,0.00125,17570119.137220148,7.244774706313843
1975789374.8746338,1975789374.8746338,0.10948994392649568,10.368189075908775,0.00125,18544359.602580592,7.268211840313988
1034038801.5338064,1034038801.5338064,0.14649963874222227,5.826688902678321,0.00125,2675399.4086758965,6.427388626744306
8112874306.640597,8112874306.640597,0.23163529567455204,12.223979186581076,0.00125,28934190.432051357,7.461411335470554
74771146732.91658,74771146732.91658,0.10527582674044085,5.337308423127165,0.00125,55824843.49584912,7.746827514206809
11879494528.422926,11879494528.422926,0.10313808651563999,8.060776006528108,0.00125,78179875.01319626,7.893094971786653
1575329211.5469708,1575329211.5469708,0.058058416121576154,9.332750537747778,0.00125,9563545.799046468,6.980618942009622
273962995220.60083,273962995220.60083,0.16299038166538207,10.907528062207751,0.00125,207533783.61039516,8.317088803897784
83436121695.34845,83436121695.34845,0.16605861843528702,13.469581459916544,0.00125,145508588.16322914,8.162888626874013
2866052518.6023445,2866052518.6023445,0.17536010868956176,11.625701251832584,0.00125,13277970.436001543,7.123131697335778
5606775522.008049,5606775522.008049,0.13518869035706108,13.41437857013482,0.00125,15103345.72460142,7.179073163768758
5209287471.634532,5209287471.634532,0.13227673349661828,8.65538718581129,0.00125,78438759.2131333,7.894530715144249
10938824408.523333,10938824408.523333,0.1135591653182586,5.063932051926158,0.00125,29423380.209567312,7.468692563770028
3755023564.235728,3755023564.235728,0.21722856054383438,8.292552220204447,0.00125,18356734.38312198,7.263795423840536
1343016630.858238,1343016630.858238,0.19162023527337282,16.274346953807296,0.00125,16619894.918492226,7.220628273571844
10966146834.48713,10966146834.48713,0.16310510606462453,7.562413248204309,0.00125,24515125.555729605,7.389434121853904
51900813135.54474,51900813135.54474,0.2305648014882515,5.594093002398822,0.00125,135007819.898603,8.13035892435023
12743471529.890427,12743471529.890427,0.1524309362451369,7.00149153112547,0.00125,19233233.39301368,7.284052301747571
12246534047.980797,12246534047.980797,0.15970789606505004,5.169197500467443,0.00125,28231473.476820875,7.450733545739997
47207842809.58455,47207842809.58455,0.18747122499928118,10.521024737302241,0.00125,101296497.84657818,8.005594430629797
93935196054.74664,93935196054.74664,0.13107139478647445,14.020296287278704,0.00125,168663886.43834496,8.227022103338891
14208544971.067724,14208544971.067724,0.06585905358068664,5.758245272080954,0.00125,23462046.40476964,7.370365889430796
1338964861.6471756,1338964861.6471756,0.2733709457683556,12.088193892053322,0.00125,16165910.848700957,7.208600179434449
46750045753.05743,46750045753.05743,0.21601113425670745,3.678507520664676,0.00125,46350696.6473017,7.666056265941256
42549611285.00152,42549611285.00152,0.05903884082036139,11.901735699856621,0.00125,67685232.10774474,7.830493922544204
9545121770.80318,9545121770.80318,0.08117526142992494,8.010311749423641,0.00125,11412407.630224645,7.057377275462743
451104995381.7794,451104995381.7794,0.0754046496456961,4.229128383626154,0.00125,595310179.0808593,8.774743308523286
3352852022.100771,3352852022.100771,0.17534540928633355,6.902485682020428,0.00125,16078914.610338215,7.2062567288247195
20767523391.645725,20767523391.645725,0.25514932481322394,6.46207538939704,0.00125,92355775.34431505,7.965464058647316
6512630074.733654,6512630074.733654,0.17709961346918665,9.829306210796817,0.00125,14000164.510521734,7.146133138934812
23342057938.97989,23342057938.97989,0.2591421688010449,4.608805287465978,0.00125,92165651.46867579,7.964569097225065
373588739326.21857,373588739326.21857,0.12072036021389679,4.935340469641164,0.00125,316396148.06878734,8.5002311875859
7265625621.148946,7265625621.148946,0.16840649552203824,4.95623106211227,0.00125,20053511.994289692,7.302190442102047
837826546.2827874,837826546.2827874,0.0851373842334934,15.526714617682192,0.00125,4448360.703107225,6.648199995529425
22903112086.456837,22903112086.456837,0.1515041725968789,8.880295865053677,0.00125,62483784.976407066,7.79576732920119
20298921204.904324,20298921204.904324,0.22518563978462358,9.813346986714912,0.00125,34945779.770772874,7.543394735648747
1017363515.8074127,1017363515.8074127,0.19994773794937049,8.013788711195556,0.00125,4922341.430784723,6.692171734592907
224148821790.16403,224148821790.16403,0.22142332137448642,14.068933574930663,0.00125,233398986.04223278,8.368098965003183
1251327251.6764948,1251327251.6764948,0.12145964118817469,7.239020286642305,0.00125,19063545.81776735,7.280203682549316
945700057.4640285,945700057.4640285,0.21388527046607722,6.471992602563366,0.00125,8055590.814498696,6.906097398022405
116622984172.84706,116622984172.84706,0.2515146671638431,8.930305439738202,0.00125,264554234.3716861,8.42251471710429
29289599411.675037,29289599411.675037,0.18944924293687274,4.256201031679035,0.00125,42734059.537787706,7.630774150741782
14863226193.175789,14863226193.175789,0.052692813272374184,13.736929595230766,0.00125,58380375.49941355,7.766266884019567
32448313992.535885,32448313992.535885,0.16976316019772147,8.794660568118402,0.00125,57326392.342841424,7.758354611670089
197564579059.6897,197564579059.6897,0.16709916229007973,7.615942311937917,0.00125,372734690.058222,8.571399814003547
6480350492.868694,6480350492.868694,0.10295481431535058,14.33719757956256,0.00125,39967484.76584291,7.601706818095322
1859077420.7815893,1859077420.7815893,0.07784464594984773,17.2773602717629,0.00125,9103122.561701704,6.959190389980716
269899605.39303124,269899605.39303124,0.09313552676233781,12.835274532994365,0.00125,1437537.956502545,6.157619320549133
7787480504.425684,7787480504.425684,0.2304229439882321,9.506508684500842,0.00125,17410838.166829024,7.24081967878343
201065253789.14246,201065253789.14246,0.15931003150146772,4.849111587759779,0.00125,200252666.34920192,8.301578307393159
7551213547.188637,7551213547.188637,0.26696391718810925,2.9549344072531647,0.00125,14957987.425119974,7.17487316378491
11550133615.79559,11550133615.79559,0.1795743205907708,6.716933239376453,0.00125,16084152.486295454,7.206398181792398
106129820134.27924,106129820134.27924,0.26201150738862966,2.988428905885702,0.00125,174853679.30494842,8.242674775249922
8834528825.960646,8834528825.960646,0.27819726986222687,7.213560232883434,0.00125,61049243.29137367,7.785680285210999
2205719135.5966215,2205719135.5966215,0.11226123658943218,17.662604393967644,0.00125,17376195.589381322,7.23995469642803
13559681723.678036,13559681723.678036,0.2613937328794236,7.18630978975093,0.00125,47571161.771637864,7.6773437577863195
25848243342.503056,25848243342.503056,0.22657633392764845,9.524075338079236,0.00125,33600946.56396127,7.526351511964688
10873429851.299232,10873429851.299232,0.23276392523796588,6.971051022191031,0.00125,56182191.937774524,7.749598679114579
5343404861.934174,5343404861.934174,0.1649865931030517,9.712054750005919,0.00125,35858037.96878899,7.554586522743179
19846646187.172493,19846646187.172493,0.22071155276229304,7.047791301216296,0.00125,43616482.80316017,7.639650641509399
1337075801.0605383,1337075801.0605383,0.2140598081470646,15.802197279438856,0.00125,8026270.850901061,6.90451381115
69713193816.82443,69713193816.82443,0.10783242997264637,7.539293309549542,0.00125,81015434.0084734,7.9085677629057844
16228961234.559254,16228961234.559254,0.22994345219323903,3.2477507476244556,0.00125,59342070.26295129,7.773362693448504
22292583890.720646,22292583890.720646,0.22466203972827914,4.946359696903954,0.00125,65524491.46227992,7.8164036590580475
25337997088.931103,25337997088.931103,0.20267643605744737,6.568870854497231,0.00125,67408767.30119024,7.828716385302478
8662105166.684511,8662105166.684511,0.12240191435161475,5.360880547064268,0.00125,31021369.601521157,7.491660968114992
4093367583.8811088,4093367583.8811088,0.12228653697768449,9.771390035315072,0.00125,22931282.542554803,7.360428345422376
6423039056.483049,6423039056.483049,0.264356040684019,6.740011244706208,0.00125,37593200.85311979,7.575109305061123
336182884.22912437,336182884.22912437,0.14489134579013663,4.768042707828149,0.00125,1047179.6125955764,6.0200211784019135
14200069466.514456,14200069466.514456,0.2099441266640387,10.872911237314614,0.00125,48777751.11214681,7.688221773384446
27519742929.8439,27519742929.8439,0.12657323751183808,6.817482532881641,0.00125,72861216.7755823,7.862496419644144
10554543879.749685,10554543879.749685,0.20659388770656475,5.935710764314139,0.00125,69467082.52045467,7.841779059751368
7434246137.855211,7434246137.855211,0.2363383348288462,8.485475896217999,0.00125,25584458.85307801,7.40797623547239
48238910324.42881,48238910324.42881,0.2814541014036302,6.534398312144433,0.00125,85385953.39853586,7.9313864320092105
127552669550.76784,127552669550.76784,0.1434325132199466,3.952783274755039,0.00125,153044313.54992038,8.184817197770203
26328427517.843414,26328427517.843414,0.11790622259059234,6.919941467937589,0.00125,23929033.19848603,7.378925152226283
6537038928.767054,6537038928.767054,0.16199555237198843,4.879046792452503,0.00125,28095329.52944398,7.448634130290319
67369162463.56123,67369162463.56123,0.07846847135874703,18.349207279569974,0.00125,138201644.8301583,8.14051321189788
6145946530.803258,6145946530.803258,0.08994200948466188,8.572000198472068,0.00125,39986614.59288708,7.6019146367950565
148065449351.65707,148065449351.65707,0.19405345121385748,7.482436934985894,0.00125,490588603.2220323,8.690717454968464
13199358234.221926,13199358234.221926,0.13469733956139224,13.522302378251126,0.00125,23925459.13541785,7.378860280746275
6534318928.71099,6534318928.71099,0.11400369786178291,17.097594798702996,0.00125,48036663.070497036,7.681572830945604
3592601675.9110065,3592601675.9110065,0.17826874023302652,7.650431918586259,0.00125,11724927.01934929,7.069110148172406
26452231164.076263,26452231164.076263,0.12654582939592832,15.479574402148835,0.00125,44542862.47465776,7.648778122823813
17612109981.556095,17612109981.556095,0.1303445639701375,2.9062882765864133,0.00125,18520173.68699476,7.267645055291363
2083597934.6262352,2083597934.6262352,0.2594221189905374,15.451284611101801,0.00125,4917533.740823284,6.691747348439487
1655680332.6175315,1655680332.6175315,0.19978626147480016,22.86983977210545,0.00125,3491567.1062559816,6.543020393390241
29206547944.322,29206547944.322,0.2188620778962885,9.18829862279228,0.00125,49235017.250138044,7.692274094416323
6839600792.144477,6839600792.144477,0.17573856466636584,10.867590108321364,0.00125,12152769.863746239,7.084675273773288
5432254208.9398575,5432254208.9398575,0.14037511560540303,11.277100003783504,0.00125,27888012.96391057,7.445417571650367
42275689230.31829,42275689230.31829,0.15074762784172074,4.763456540390001,0.00125,29200029.700035717,7.465383293179756
3689737310.2997317,3689737310.2997317,0.10835455324177863,7.21239534789089,0.00125,19145026.09881043,7.282055962721399
88980366762.52052,88980366762.52052,0.17662118513007444,6.471842291614715,0.00125,221698785.07885852,8.345763313164134
18783700466.159416,18783700466.159416,0.21853833757328608,13.578923288897196,0.00125,24282001.683391597,7.3852844848834245
22866539310.49394,22866539310.49394,0.06173924792425418,11.977456920467073,0.00125,16124708.917127296,7.207491883504117
4769448957.164827,4769448957.164827,0.06650773886491627,13.428027324199915,0.00125,10104229.888863744,7.004503218617069
64833305454.11981,64833305454.11981,0.19574387095082374,9.23742069535751,0.00125,83154341.0681339,7.9198849264686375
3737808254.560233,3737808254.560233,0.19379495973682304,10.032675685194302,0.00125,19539855.51268285,7.290921348007291
53917938144.85874,53917938144.85874,0.12110800974834256,7.746698631788576,0.00125,130408326.54816756,8.115305321905671
11140143859.526325,11140143859.526325,0.25535861035521934,6.177761789448535,0.00125,58178653.28204233,7.764763663989986
3038132063.666347,3038132063.666347,0.12336407077252612,7.111681991678299,0.00125,18205559.10419911,7.2602040209321395
65554514025.35145,65554514025.35145,0.18774632202954092,8.69188552814965,0.00125,52465007.60080558,7.719869740116456
8760913354.336393,8760913354.336393,0.20573590117094312,16.736288540985846,0.00125,59401068.663096406,7.773794258286091
6000718171.872183,6000718171.872183,0.13851815486441169,8.615949617389553,0.00125,12185261.028724875,7.085834836936468
33218701875.007034,33218701875.007034,0.22267218805296918,13.569232989704068,0.00125,42009656.643319294,7.623349131942154
15244733540.462044,15244733540.462044,0.12390460157107651,9.80578068456942,0.00125,47860789.27579608,7.679979856318717
13440266247.09977,13440266247.09977,0.14840522117072,5.103022431780417,0.00125,35060976.431771204,7.544824006824097
2128830020.3118453,2128830020.3118453,0.15747970609001818,8.070039012541137,0.00125,64665602.33957362,7.810673327243749
9646083921.511175,9646083921.511175,0.20262607920688203,12.686370900125315,0.00125,27210807.574605446,7.434741431158307
62074617027.56092,62074617027.56092,0.2503106303590617,6.822960285651591,0.00125,198283013.67856282,8.297285511070433
123276182662.66472,123276182662.66472,0.09653636755914229,5.632804408526442,0.00125,602210008.759655,8.77974796923215
7943636527.262471,7943636527.262471,0.05300378867052989,9.786975970240952,0.00125,20175809.216263346,7.304830962532148
439146173.72256523,439146173.72256523,0.19612243711335703,10.411815946156757,0.00125,3565729.8449166818,6.552148436061314
16310980469.15713,16310980469.15713,0.15318271050892693,7.14321742734856,0.00125,50076949.69117703,7.699637867074669
19204549217.32961,19204549217.32961,0.19021015175906966,3.832409864041565,0.00125,54485419.649328746,7.736280300203028
20478027987.55855,20478027987.55855,0.09082787249485103,7.286091945299883,0.00125,38664538.8337801,7.587312834554441
1574028029.0656703,1574028029.0656703,0.1280874746447165,8.132857372719705,0.00125,7618628.982531813,6.881876824503252
14124235712.76348,14124235712.76348,0.14148204420204577,10.23542387730852,0.00125,49683086.1312583,7.696208564788252
26683774696.43828,26683774696.43828,0.14946123295842056,9.254466516075507,0.00125,86656954.66351613,7.937803422800486
2811520574.82274,2811520574.82274,0.17769506685362246,8.85438438221213,0.00125,12539785.84275409,7.098290119580475
335282154359.9268,335282154359.9268,0.1982038738107648,16.28176482267727,0.00125,268721056.3133812,8.429301698001556
5887686660.379752,5887686660.379752,0.2371024221409404,11.294968899166788,0.00125,12463341.276880402,7.0956344872335055
23813238605.123394,23813238605.123394,0.12966959874039385,9.82646786171028,0.00125,80093370.41440955,7.903596569622366
8257674705.894751,8257674705.894751,0.12054507846804137,3.453355982266426,0.00125,27768855.079701662,7.443557973995191
1222905838.3010592,1222905838.3010592,0.22760306919588627,3.9567159706938004,0.00125,6125325.460066182,6.7871291692415765
4710785880.036232,4710785880.036232,0.11211307806948925,13.319411286847757,0.00125,32817848.85510297,7.5161101105081665
38952591172.41579,38952591172.41579,0.08844248986211212,4.320553401430748,0.00125,28741978.915820103,7.458516666464655
435349330753.9331,435349330753.9331,0.23803833053578147,3.8995268557819394,0.00125,702827894.6179302,8.84684898992945
83410367877.30107,83410367877.30107,0.057731652692369136,4.870537543279231,0.00125,115844770.69756618,8.06387643425505
219076874316.53268,219076874316.53268,0.12196709317675633,9.006276220391651,0.00125,299378182.6536649,8.47622014771589
214978190629.59134,214978190629.59134,0.23209097518520894,8.198293915097942,0.00125,187923679.5434209,8.273981507333614
2226495780.0514855,2226495780.0514855,0.10179524603517617,11.46909879111457,0.00125,35205163.304957,7.5466063632055365
7455812667.490078,7455812667.490078,0.06822966385070242,11.050252239718992,0.00125,16395046.402094897,7.214712650169473
261257433461.13754,261257433461.13754,0.176361251138852,3.8068928277120175,0.00125,268711738.68415457,8.429286639021175
377123471.2465078,377123471.2465078,0.07455360536032599,11.10502989055936,0.00125,9355567.343127638,6.971070129251163
13825711036.378841,13825711036.378841,0.14115328157095045,23.015722051280342,0.00125,35068629.6262229,7.54491879532554
7276608622.11226,7276608622.11226,0.21368359111227397,5.622586065370699,0.00125,16936731.563328154,7.228829604284787
13427093640.691963,13427093640.691963,0.09369741834135732,3.7282374602401744,0.00125,75479026.47392833,7.877826290012667
168608812423.54724,168608812423.54724,0.12400550060674508,3.9870547048955443,0.00125,332692112.3704169,8.522042504521933
6799803309.501555,6799803309.501555,0.09814880802846072,6.118236463029922,0.00125,26286331.457522377,7.4197299798330425
1459656689.05492,1459656689.05492,0.1281286240137708,8.280675928067328,0.00125,10150835.645054007,7.006501796051916
40765998239.12696,40765998239.12696,0.21392648188508545,8.256143348018224,0.00125,111755631.6563785,8.04826941758172
4419327442.434309,4419327442.434309,0.15409033097608207,10.513599845557978,0.00125,5431860.510742971,6.734948608806974
27195150502.03841,27195150502.03841,0.10125125218308215,7.010970666091727,0.00125,49943164.48058938,7.698476056495859
5463290887.187311,5463290887.187311,0.22121700226266192,8.86854971825862,0.00125,16631614.237091746,7.22093440317254
42214244425.54497,42214244425.54497,0.23756170826852638,6.380787939456059,0.00125,60592181.014676094,7.782416585201453
11823690883.90471,11823690883.90471,0.08706557489034916,5.175615842915287,0.00125,55871063.86995766,7.747186941065787
979983600.3752875,979983600.3752875,0.14387854436490252,10.688886057687686,0.00125,10560638.735497655,7.02369018627667
155508130660.0067,155508130660.0067,0.1073466716764925,10.59788267867207,0.00125,292374987.1471509,8.465940215725558
103460385635.08026,103460385635.08026,0.18163612558583142,12.39059997541267,0.00125,167558259.91459534,8.224165841582872
3690191685.8590517,3690191685.8590517,0.16258322823576635,5.184401774154283,0.00125,11905418.447499676,7.075744664440299
1642843425.876115,1642843425.876115,0.14883368031643127,12.161143588242068,0.00125,9111386.938192412,6.959584490447995
1738679893.993961,1738679893.993961,0.18022892318756284,8.344175790457614,0.00125,21050156.88484598,7.323255336939811
2352115354.2458506,2352115354.2458506,0.18585364453074982,7.4907068941689285,0.00125,7387107.398242396,6.868474413103155
1316033368.3174164,1316033368.3174164,0.2541496485353115,7.11186474078152,0.00125,9765768.905508358,6.989706443043539
31114054224.588127,31114054224.588127,0.08974625937106342,10.166416074209941,0.00125,112014308.41592476,8.049273501859286
19590246915.868332,19590246915.868332,0.14553450335170748,5.196056913465535,0.00125,34612535.40966075,7.539233413050125
32293585203.288033,32293585203.288033,0.10552259419068194,3.315777191464252,0.00125,79382064.49174902,7.899722389427727
951844964797.2198,951844964797.2198,0.23634229204176346,4.078161165066954,0.00125,396388605.37460595,8.598121161721265
8222513062.825371,8222513062.825371,0.0816310371633846,15.336431198543144,0.00125,29200171.025965877,7.465385395127039
4674786105.753702,4674786105.753702,0.2010161287498541,7.228156407673108,0.00125,17913872.25599492,7.253189472931123
8447856288.908695,8447856288.908695,0.1379863652670542,9.043540113401056,0.00125,32054674.721816238,7.50589137419317
51594003282.572426,51594003282.572426,0.17886095361617468,6.187870901419517,0.00125,109657196.88311446,8.040037140017688
11870646449.47128,11870646449.47128,0.1297620393940615,13.66403791624836,0.00125,43610308.670468174,7.639589160587819
841372853.0585524,841372853.0585524,0.24095688845904642,12.31245654038235,0.00125,3933698.6332868333,6.594801084888361
3169476914.239891,3169476914.239891,0.147539396689505,28.056330562083303,0.00125,15301335.14106023,7.184729327490585
1984811585.8690844,1984811585.8690844,0.1384595755301431,13.124367061623815,0.00125,6142553.427599843,6.788348942638628
4196825840.6406136,4196825840.6406136,0.18354203752715645,4.677348544804321,0.00125,9772197.758636609,6.989992247148677
978298148.9311639,978298148.9311639,0.10056016284359873,10.212053981870922,0.00125,5652255.293119431,6.7522217692220154
17255082030.5267,17255082030.5267,0.09987395938250244,16.292670830481278,0.00125,59620747.67101075,7.775397417979038
52428032716.43311,52428032716.43311,0.2705004034249474,3.0243746850041635,0.00125,85140312.99156232,7.930135242391018
26680040763.556683,26680040763.556683,0.05600679362974429,18.47365876035266,0.00125,27524440.60030143,7.439718501243389
1483531954.4917228,1483531954.4917228,0.1615582113003987,9.271327827165754,0.00125,9726132.609138835,6.98794018657954
11235916494.444796,11235916494.444796,0.10256324240534126,6.116751945003921,0.00125,37696983.00573033,7.576306593802772
13567428297.101528,13567428297.101528,0.1678899209397554,5.447913601266002,0.00125,33476599.63044039,7.524741338307653
16025549229.200195,16025549229.200195,0.06030468107517029,7.338938094374192,0.00125,10968302.611862855,7.040139423988716
1703648754.651829,1703648754.651829,0.17538952097873486,9.454562792459289,0.00125,12435701.501597041,7.094670288977048
36688070954.85978,36688070954.85978,0.09426677566208364,5.214574507408407,0.00125,28387935.294228896,7.453133806652969
14378942073.135584,14378942073.135584,0.06674027792104434,6.910827732488773,0.00125,23867580.8316835,7.37780840205268
5499639432.298536,5499639432.298536,0.10419554218697845,17.46681592503498,0.00125,16177633.672581814,7.208914996998329
2990642953.1032763,2990642953.1032763,0.19742467054012938,5.909807013229308,0.00125,32194721.676799238,7.507784674970844
6932112531.232934,6932112531.232934,0.09012195156310444,8.477804685542115,0.00125,35753393.73652522,7.5533172716222134
22894216469.60995,22894216469.60995,0.25492124132923427,10.536971798363997,0.00125,67567632.58570199,7.829738702512693
116625226812.73233,116625226812.73233,0.20884864219949653,13.620168852055777,0.00125,122072673.59608544,8.086618456453929
5094520282.949667,5094520282.949667,0.23679004182874075,7.332731722056878,0.00125,21527918.76538356,7.333002045968434
29660729110.177048,29660729110.177048,0.12192639955460671,8.32710799417926,0.00125,52701266.80820056,7.721821054703984
34151153188.57781,34151153188.57781,0.2434995263451292,4.26850819208604,0.00125,72873250.62560205,7.862568142343169
739628223.9334487,739628223.9334487,0.24315713094503041,10.84746903682594,0.00125,4483644.432347684,6.651631164317175
13897789059.748896,13897789059.748896,0.1230040516800759,9.648112976122025,0.00125,32525835.485299025,7.512228461021321
9589183723.637325,9589183723.637325,0.15548735336350192,9.329788059499212,0.00125,22367941.685205147,7.349626021830849
8555208950.126734,8555208950.126734,0.252901485383766,6.824038733983956,0.00125,43873819.90785848,7.642205448234047
254154449472.80768,254154449472.80768,0.1623171455845394,6.922973227031475,0.00125,324532819.9001337,8.511258623419206
27430317820.8893,27430317820.8893,0.10099556892094187,3.6100341878286066,0.00125,23830066.05831174,7.377125246237371
66171398346.78368,66171398346.78368,0.22732239311606142,10.718694386470563,0.00125,78682758.18918043,7.8958795755145275
172203592424.39362,172203592424.39362,0.23628322679712035,3.287424128276073,0.00125,101123999.7200804,8.004854238766702
25287771991.818134,25287771991.818134,0.0882359395806807,4.738967401829138,0.00125,61668660.27902373,7.790064513697145
16911296187.602821,16911296187.602821,0.18222452321422805,3.7480746031465313,0.00125,62370468.47131416,7.794979006096066
1222490866.7800856,1222490866.7800856,0.1526824878878824,7.052840533213379,0.00125,8791279.923323857,6.944052108654059
5897311014.830903,5897311014.830903,0.2307610570271653,8.931095197314331,0.00125,28120899.364554547,7.449029206206153
65815666304.35234,65815666304.35234,0.09898507320355476,12.21198144123038,0.00125,33692927.497089885,7.527538747419116
3381145352.4280806,3381145352.4280806,0.24429774601304086,19.18238688017609,0.00125,26900881.37567252,7.429766509382348
1572657921.097613,1572657921.097613,0.21663732165421268,17.901173528760488,0.00125,14398952.826671017,7.158330908891422
8042445214.048174,8042445214.048174,0.12477767760535353,8.870092072565336,0.00125,68658861.11441776,7.836696595247231
9792703445.682987,9792703445.682987,0.11250662712561228,5.965765312421983,0.00125,31175409.393647976,7.493812165317696
1604861824.3483524,1604861824.3483524,0.06831749294052553,8.430049218464998,0.00125,6799595.31944551,6.832483066270711
3784170754.7896967,3784170754.7896967,0.2514680924485779,8.226623847770208,0.00125,15983534.41782531,7.203672820561947
1841876152.3520741,1841876152.3520741,0.08293838984700799,12.285580347295719,0.00125,6118581.489452635,6.786650748500248
1443624892.357858,1443624892.357858,0.137724132735658,9.168949659499788,0.00125,5965590.081575708,6.775653408022698
12392734571.143692,12392734571.143692,0.2856028573483859,10.29806758489447,0.00125,71296861.38520502,7.853070411856234
17144917717.568335,17144917717.568335,0.2078098440029487,3.972254010305339,0.00125,54594575.83823611,7.737149496174667
313785250385.7462,313785250385.7462,0.1734022929556336,5.254383109096077,0.00125,208582142.41910252,8.319277123933166
1114752761.6558084,1114752761.6558084,0.169461503955725,7.675632685604887,0.00125,7688398.9829163365,6.885835912587499
38044772719.87017,38044772719.87017,0.13733708549002366,6.000926205072432,0.00125,58738517.98715167,7.768922984779194
17258702509.209743,17258702509.209743,0.053965027284935456,8.447170913129325,0.00125,57222083.4465688,7.757563666347182
38905358754.30906,38905358754.30906,0.19226753982251857,7.684972343038006,0.00125,61528172.20810614,7.789074013873597
31389498792.28089,31389498792.28089,0.0716202925403047,8.777013905103606,0.00125,70974101.35423125,7.851099902369162
17813531453.974022,17813531453.974022,0.13120472780949616,7.484872643347587,0.00125,61228107.800551064,7.786950838163852
8826293903.9745,8826293903.9745,0.1538488060313832,11.163303259251322,0.00125,34130660.300630905,7.533144690333912
4183504605.2068057,4183504605.2068057,0.10886207956709905,8.210365302156623,0.00125,13436337.854127668,7.1282809155580305
58478562340.39839,58478562340.39839,0.15399554215272845,4.382020934415799,0.00125,102715621.63557838,8.011636498847498
837549179.2272543,837549179.2272543,0.20055829313477438,14.340387480351328,0.00125,1792323.6526830865,6.253416436064131
803632828.7884328,803632828.7884328,0.25465596152379544,6.344764155046016,0.00125,10153915.833392013,7.006633559182344
11544253013.98955,11544253013.98955,0.16265624015371172,15.965931107595003,0.00125,35712383.75062247,7.552818839696845
2355878526.617358,2355878526.617358,0.1517526732573387,5.500803437052669,0.00125,9694370.940238273,6.986519633317057
15418429294.02682,15418429294.02682,0.17819157464165858,5.259250145087205,0.00125,42970010.651645795,7.633165461339254
1351469034.5946305,1351469034.5946305,0.15589547416304092,12.239549930942497,0.00125,10759675.743397959,7.031799183507424
42349575808.750435,42349575808.750435,0.09982078531442048,9.917676720148194,0.00125,159172583.58758923,8.20186826552478
6409833074.017107,6409833074.017107,0.15285273498343754,8.29614534131187,0.00125,16825434.906415816,7.225966298751316
3784724968.166987,3784724968.166987,0.24042874339818512,10.217661757878414,0.00125,12516057.56860611,7.097467552050895
11553527950.600868,11553527950.600868,0.16001771809662935,14.666066947508185,0.00125,20281261.50516728,7.307094964847391
3193357577.5980253,3193357577.5980253,0.15269044535998214,16.791388024890644,0.00125,49262866.873315014,7.692519682189071
9380683569.13824,9380683569.13824,0.14314055680006596,4.555761180348555,0.00125,14803807.62222245,7.170373432735551
2054850352.8832588,2054850352.8832588,0.1931823931076341,15.828276363791144,0.00125,7727437.13183991,6.888035480457299
8857729644.891333,8857729644.891333,0.1819407758060834,5.652190458048295,0.00125,19899941.937969334,7.2988518092711985
4754605684.209352,4754605684.209352,0.18439665351851534,10.939386779344018,0.00125,8288589.282609609,6.918480619945552
13041152848.71386,13041152848.71386,0.1294699150093596,18.221114946788564,0.00125,23073997.16362071,7.36312283490835
5898131138.663456,5898131138.663456,0.10817036065648873,8.49648350748954,0.00125,23851033.609431963,7.377507204388545
2935415658.2269516,2935415658.2269516,0.14925009247387436,6.412357897315623,0.00125,13738655.525808955,7.137944234449033
32648806891.892574,32648806891.892574,0.08744083377906717,6.483973398231308,0.00125,63855307.27872072,7.80519699911038
52478717242.148735,52478717242.148735,0.19977604998829776,4.535942323040897,0.00125,100157274.31860872,8.000682497131383
1833506143.1276228,1833506143.1276228,0.08844058497688186,12.779143084742708,0.00125,3731585.363066306,6.5718933809114235
29273722872.183434,29273722872.183434,0.20981596775511824,6.039956446810051,0.00125,254808163.9792387,8.406213338554732
12773823939.736101,12773823939.736101,0.13500065384033214,3.9084999538831777,0.00125,34106767.36181004,7.532840558942508
45681500340.085045,45681500340.085045,0.15182848129873736,5.407632780651121,0.00125,42695813.332935505,7.630385291054354
2643374439.1454067,2643374439.1454067,0.12596581242707058,6.999663645179563,0.00125,6410785.23467011,6.806911227989646
753894621.1890806,753894621.1890806,0.14087559018859386,13.688269419805462,0.00125,2843668.4260806493,6.453878955940117
343865349013.91327,343865349013.91327,0.15613577755114563,8.224059356336008,0.00125,256111332.52130535,8.408428795737386
6440719311.579985,6440719311.579985,0.21478132658945806,9.351945262819662,0.00125,41449611.428547695,7.617520463590067
64359596247.34194,64359596247.34194,0.10616314155525536,9.234256571005021,0.00125,126917828.74724843,8.103522633778558
39470833795.897415,39470833795.897415,0.13491839017018234,7.646603335646867,0.00125,66344374.72942634,7.821804105383768
5032670555.844233,5032670555.844233,0.2708257870939874,12.779399043800503,0.00125,8413933.266938455,6.924999063193775
7479363771.17415,7479363771.17415,0.14062803709031968,5.482278202385556,0.00125,27494500.626120284,7.439245836136833
8722033273.375195,8722033273.375195,0.2526774971830841,16.274364045954258,0.00125,33977074.19833687,7.531185978587624
7791460837.64176,7791460837.64176,0.13869544564067413,4.234961920214215,0.00125,31597688.444669608,7.499655312604349
8847780066.36378,8847780066.36378,0.23815780076432005,4.669829675325032,0.00125,27406265.511368416,7.437849860847724
14893498110.177155,14893498110.177155,0.20042633296403242,11.141388238068142,0.00125,72733774.41481195,7.861736125244916
4062580499.252434,4062580499.252434,0.2583410862726403,9.141312582557086,0.00125,11447981.801023178,7.058728930349773
4103842396.9639745,4103842396.9639745,0.12545190960842026,8.110168169185647,0.00125,9761511.666714974,6.989517077674555
12066663940.417515,12066663940.417515,0.16071341895597194,13.177666950833732,0.00125,18010636.562677037,7.255529062668089
44125636655.41615,44125636655.41615,0.052156434001852055,15.987250641834244,0.00125,43246672.418540925,7.635952696636386
1710934235.2370417,1710934235.2370417,0.18818276876267373,8.50918171840216,0.00125,14927682.266268596,7.173992382600522
12719184959.632042,12719184959.632042,0.10688283161671489,12.455479981241698,0.00125,23748585.12325052,7.375637740635882
19185449955.632496,19185449955.632496,0.2107626995608641,8.64797111952346,0.00125,86149644.74970946,7.935253490912788
14235340003.063705,14235340003.063705,0.12955874344981816,4.06413473705435,0.00125,64462772.15528358,7.80930897796588
7637125442.817962,7637125442.817962,0.18930267060126746,8.950863177696283,0.00125,17469988.408901535,7.242292616834575
255839346.66491297,255839346.66491297,0.09144990971277463,18.01061114145156,0.00125,1297953.6253752497,6.113259175820729
5029148509.302096,5029148509.302096,0.07702721494162247,7.314331900466066,0.00125,7507222.353269481,6.87547927924295
7025209585.31823,7025209585.31823,0.22727001532084756,15.906351139681973,0.00125,28264551.496879265,7.451242098447266
42251664440.86739,42251664440.86739,0.1908386069026192,7.848580014917291,0.00125,56177846.72873341,7.749565088874977
3850207819.287288,3850207819.287288,0.15146869075777505,14.197207093416186,0.00125,10512588.006715953,7.0217096445416285
53248415307.4135,53248415307.4135,0.21008107397940923,7.303083506119587,0.00125,53478586.64113877,7.728179920989621
6253454824.832383,6253454824.832383,0.21381498131318796,8.73418894275623,0.00125,18740181.5420906,7.272773793720718
21179405181.44713,21179405181.44713,0.2313795207771826,9.853928885782345,0.00125,51415981.627351694,7.711098131714441
895384588.0269877,895384588.0269877,0.1277745885748705,5.412179278915328,0.00125,7083125.430580875,6.850224932512326
5129306077.198821,5129306077.198821,0.09837864344999502,7.006529018028755,0.00125,23747904.377971973,7.3756252915508576
6090273939.841598,6090273939.841598,0.1540955852681425,14.053270166027055,0.00125,24390163.62082861,7.387214713777635
5957745852.313027,5957745852.313027,0.17557375776481335,8.959132155840395,0.00125,51049315.21178208,7.707989920727748
2851762730.288608,2851762730.288608,0.05765336919534029,7.8050556764956,0.00125,13535018.414772565,7.131458850976763
7279640310.722667,7279640310.722667,0.17928867572694188,9.751534359902116,0.00125,38586743.98524606,7.586438133614161
1865631553.5404596,1865631553.5404596,0.23702702009736093,21.76099238919292,0.00125,7887613.559904509,6.896945624941239
4415671035.696527,4415671035.696527,0.1596171793754063,3.652048923692974,0.00125,18980678.22308688,7.278311726704636
1875073671.1491435,1875073671.1491435,0.13267427730488354,9.812176457845057,0.00125,1951672.9547737807,6.29040704394704
1782981380.7530887,1782981380.7530887,0.16368426274871314,8.065613762489418,0.00125,14163349.411946623,7.15116596939285
837605202.2647216,837605202.2647216,0.16561100066999265,6.524620549030968,0.00125,8735556.5152319,6.9412905777557485
6608398379.748662,6608398379.748662,0.07964418779471932,21.525471363462657,0.00125,53116555.989391,7.7252299081654545
3098070256.7678885,3098070256.7678885,0.17003560441866944,7.961150920454816,0.00125,13421515.199473083,7.127801547548653
26304349405.623543,26304349405.623543,0.2339572840882892,12.107538738827408,0.00125,46120608.527157865,7.663895028853434
19859845785.39724,19859845785.39724,0.17903581165979057,4.372489765778096,0.00125,43667881.40536875,7.640162122164595
7645924973.315367,7645924973.315367,0.14085029528982054,4.4058918305839345,0.00125,20620115.179745432,7.3142910868344115
75368816536.34088,75368816536.34088,0.20383718578697435,2.4826056190706898,0.00125,39963185.154029936,7.601660095161851
842886188868.6003,842886188868.6003,0.19362235337305075,8.572403254766778,0.00125,372007955.43192357,8.570552227417496
17456395272.871323,17456395272.871323,0.0789842940470076,23.60660771104891,0.00125,19409119.8534142,7.288005841855537
2233095905.5999756,2233095905.5999756,0.24224802235791196,14.448929062652514,0.00125,7743105.119332405,6.888915155225835
5583367178.227936,5583367178.227936,0.20863741770182678,7.28401085820541,0.00125,15621160.31956874,7.1937132895713845
43925009174.711494,43925009174.711494,0.17507204799825274,5.426044403793509,0.00125,43020642.43459071,7.633676891493436
14753051457.323164,14753051457.323164,0.18396148883289096,8.536025750293243,0.00125,54950022.112425506,7.739967871523885
11114661253.482807,11114661253.482807,0.16697255954028933,9.41612557715259,0.00125,26554914.681211665,7.424144910404431
2278082132.0587115,2278082132.0587115,0.09932871699081204,4.59059282677305,0.00125,28539418.58716784,7.455445121302919
2736026492.711195,2736026492.711195,0.19626115462527852,19.490275058681444,0.00125,26767049.596610002,7.427600503628947
321615028.5096414,321615028.5096414,0.15396469302314533,10.554702636877511,0.00125,1820201.4695936278,6.260119460672042
41899450491.69965,41899450491.69965,0.2301368401449881,10.911584563516666,0.00125,57507354.06506029,7.759723386005324
5076348306.714023,5076348306.714023,0.11443323386787607,22.677888885310217,0.00125,37106614.737238444,7.569451335162611
30756702319.92814,30756702319.92814,0.097513851131459,17.16070801106603,0.00125,51948694.7613462,7.715574640149863
60182523847.57139,60182523847.57139,0.08963614559888573,4.628839713717679,0.00125,95850206.10917841,7.981593051089748
14551667705.790894,14551667705.790894,0.2242148050013684,5.026408003466524,0.00125,69435297.84153913,7.8415803027413435
49082908717.8088,49082908717.8088,0.14827394473443112,3.4915567903044766,0.00125,109513986.25604254,8.039469587358182
24611082507.274513,24611082507.274513,0.1127559183454725,13.711307220997982,0.00125,32206004.990264475,7.507936855888025
16910230556.207205,16910230556.207205,0.06240166684601058,3.948784278099271,0.00125,17249517.236646954,7.23677694495166
35075818859.40822,35075818859.40822,0.15776566712926968,9.439051178988478,0.00125,61666922.91519105,7.790052278338847
2295830775.9125156,2295830775.9125156,0.10692123787163363,6.8749024883576,0.00125,5381578.648725054,6.730909691625971
15996928831.635994,15996928831.635994,0.11804169876406283,8.263882476101427,0.00125,126501777.18494971,8.102096626825634
6057653965.07153,6057653965.07153,0.23278006816873073,5.972793938318856,0.00125,21541147.823409643,7.333268841027498
11587118874.202301,11587118874.202301,0.13069072875296103,6.056869493977474,0.00125,49416061.4713299,7.69386812857253
4534513430.42512,4534513430.42512,0.07546843756374522,14.171363551821718,0.00125,14436362.832725001,7.159457788756693
18826937348.996387,18826937348.996387,0.14435465063973266,9.099326445576237,0.00125,32495015.01512388,7.511816741979623
15896114409.769629,15896114409.769629,0.26505865923980965,7.108538875320444,0.00125,81328351.92699032,7.910241971657507
4799006071.068818,4799006071.068818,0.23813818845652948,11.890472086612961,0.00125,10014412.82810462,7.000625490525274
813701906.4409759,813701906.4409759,0.24334425895602826,5.628628421294754,0.00125,6885601.249011729,6.837941868736339
1938629095.3159704,1938629095.3159704,0.10338002894556082,11.616280236275323,0.00125,25695658.647247676,7.409859754272567
4845194870.719349,4845194870.719349,0.12393587186852427,6.011058254961919,0.00125,10227633.608640064,7.009775161611243
249516587314.34686,249516587314.34686,0.1213825897949942,6.5330283319133144,0.00125,158661239.08938867,8.200470841653063
17837674151.104927,17837674151.104927,0.1506709997577938,8.797161975131957,0.00125,23699579.40452979,7.374740638672017
5827555028.452098,5827555028.452098,0.2147381590906692,13.130807410229115,0.00125,27804639.376381785,7.444117266689917
12996413110.553453,12996413110.553453,0.11108839623621267,5.7811293997186,0.00125,29293642.121222623,7.4667733715045586
1051540405.7329304,1051540405.7329304,0.09631364914233621,9.619224907036543,0.00125,10944177.806379313,7.039183140269873
